Race,Target,Feature,Model,Mean_Rank,Std_Rank,Min_Rank,Max_Rank,Top_3_Freq
Mexican American,Has_Diabetes,Gender,RF,12.8,2.85657137141714,8,18,0.0
Mexican American,Has_Diabetes,Race,RF,23.0,0.0,23,23,0.0
Mexican American,Has_Diabetes,Income_Ratio,RF,3.1,0.3,3,4,0.9
Mexican American,Has_Diabetes,BMI,RF,4.6,0.66332495807108,4,6,0.0
Mexican American,Has_Diabetes,Mod_Activity,RF,2.0,0.0,2,2,1.0
Mexican American,Has_Diabetes,Vig_Activity,RF,5.9,0.3,5,6,0.0
Mexican American,Has_Diabetes,Calories,RF,16.8,2.2715633383201093,13,19,0.0
Mexican American,Has_Diabetes,Sodium,RF,15.2,1.9390719429665317,13,19,0.0
Mexican American,Has_Diabetes,Carbs,RF,11.6,0.9165151389911681,10,13,0.0
Mexican American,Has_Diabetes,Fat,RF,15.7,1.9519221295943137,13,20,0.0
Mexican American,Has_Diabetes,Sat_Fat,RF,16.7,1.791647286716892,14,19,0.0
Mexican American,Has_Diabetes,Sugar,RF,10.6,1.1135528725660044,9,12,0.0
Mexican American,Has_Diabetes,Fiber,RF,16.7,2.0024984394500787,13,20,0.0
Mexican American,Has_Diabetes,Protein,RF,18.9,1.3,16,20,0.0
Mexican American,Has_Diabetes,Ever_Smoked,RF,11.0,2.8635642126552705,7,17,0.0
Mexican American,Has_Diabetes,Smoke_Freq,RF,21.2,0.39999999999999997,21,22,0.0
Mexican American,Has_Diabetes,Alc_Freq,RF,17.4,2.1071307505705477,14,20,0.0
Mexican American,Has_Diabetes,Alc_Amt,RF,21.8,0.39999999999999997,21,22,0.0
Mexican American,Has_Diabetes,HbA1c,RF,1.0,0.0,1,1,1.0
Mexican American,Has_Diabetes,Cholesterol,RF,7.9,0.8306623862918073,7,10,0.0
Mexican American,Has_Diabetes,HDL,RF,9.8,1.469693845669907,7,13,0.0
Mexican American,Has_Diabetes,Sys_BP,RF,4.4,0.66332495807108,3,5,0.1
Mexican American,Has_Diabetes,Dia_BP,RF,7.9,1.2206555615733703,7,11,0.0
Non-Hispanic Asian,Has_Diabetes,Gender,RF,12.0,1.3416407864998738,10,15,0.0
Non-Hispanic Asian,Has_Diabetes,Race,RF,23.0,0.0,23,23,0.0
Non-Hispanic Asian,Has_Diabetes,Income_Ratio,RF,5.1,0.9433981132056604,4,7,0.0
Non-Hispanic Asian,Has_Diabetes,BMI,RF,4.4,0.66332495807108,3,5,0.1
Non-Hispanic Asian,Has_Diabetes,Mod_Activity,RF,2.6,0.66332495807108,2,4,0.9
Non-Hispanic Asian,Has_Diabetes,Vig_Activity,RF,5.6,0.7999999999999999,4,6,0.0
Non-Hispanic Asian,Has_Diabetes,Calories,RF,17.5,2.0615528128088303,14,21,0.0
Non-Hispanic Asian,Has_Diabetes,Sodium,RF,14.6,2.009975124224178,12,19,0.0
Non-Hispanic Asian,Has_Diabetes,Carbs,RF,16.9,2.2561028345356955,12,20,0.0
Non-Hispanic Asian,Has_Diabetes,Fat,RF,16.8,1.4696938456699067,15,20,0.0
Non-Hispanic Asian,Has_Diabetes,Sat_Fat,RF,17.2,2.4,13,20,0.0
Non-Hispanic Asian,Has_Diabetes,Sugar,RF,15.6,2.4166091947189146,12,19,0.0
Non-Hispanic Asian,Has_Diabetes,Fiber,RF,10.8,1.16619037896906,9,13,0.0
Non-Hispanic Asian,Has_Diabetes,Protein,RF,14.9,1.9209372712298547,12,19,0.0
Non-Hispanic Asian,Has_Diabetes,Ever_Smoked,RF,9.0,1.8973665961010275,7,13,0.0
Non-Hispanic Asian,Has_Diabetes,Smoke_Freq,RF,21.1,0.7,20,22,0.0
Non-Hispanic Asian,Has_Diabetes,Alc_Freq,RF,18.0,2.6076809620810595,12,21,0.0
Non-Hispanic Asian,Has_Diabetes,Alc_Amt,RF,21.7,0.45825756949558394,21,22,0.0
Non-Hispanic Asian,Has_Diabetes,HbA1c,RF,1.0,0.0,1,1,1.0
Non-Hispanic Asian,Has_Diabetes,Cholesterol,RF,7.4,1.0198039027185568,5,9,0.0
Non-Hispanic Asian,Has_Diabetes,HDL,RF,10.1,0.7000000000000001,9,11,0.0
Non-Hispanic Asian,Has_Diabetes,Sys_BP,RF,2.5,0.5,2,3,1.0
Non-Hispanic Asian,Has_Diabetes,Dia_BP,RF,8.2,0.8717797887081348,7,9,0.0
Non-Hispanic Black,Has_Diabetes,Gender,RF,19.5,1.6881943016134133,16,21,0.0
Non-Hispanic Black,Has_Diabetes,Race,RF,23.0,0.0,23,23,0.0
Non-Hispanic Black,Has_Diabetes,Income_Ratio,RF,3.0,0.0,3,3,1.0
Non-Hispanic Black,Has_Diabetes,BMI,RF,4.4,0.66332495807108,4,6,0.0
Non-Hispanic Black,Has_Diabetes,Mod_Activity,RF,2.0,0.0,2,2,1.0
Non-Hispanic Black,Has_Diabetes,Vig_Activity,RF,5.7,0.45825756949558405,5,6,0.0
Non-Hispanic Black,Has_Diabetes,Calories,RF,17.4,2.4979991993593593,13,21,0.0
Non-Hispanic Black,Has_Diabetes,Sodium,RF,15.3,2.2825424421026654,13,20,0.0
Non-Hispanic Black,Has_Diabetes,Carbs,RF,15.0,2.0976176963403033,12,19,0.0
Non-Hispanic Black,Has_Diabetes,Fat,RF,18.0,2.1908902300206643,14,21,0.0
Non-Hispanic Black,Has_Diabetes,Sat_Fat,RF,16.5,2.29128784747792,13,21,0.0
Non-Hispanic Black,Has_Diabetes,Sugar,RF,12.1,0.3,12,13,0.0
Non-Hispanic Black,Has_Diabetes,Fiber,RF,17.6,2.1999999999999997,15,21,0.0
Non-Hispanic Black,Has_Diabetes,Protein,RF,16.4,2.90516780926679,13,21,0.0
Non-Hispanic Black,Has_Diabetes,Ever_Smoked,RF,7.2,1.7204650534085253,4,11,0.0
Non-Hispanic Black,Has_Diabetes,Smoke_Freq,RF,9.1,1.044030650891055,8,11,0.0
Non-Hispanic Black,Has_Diabetes,Alc_Freq,RF,17.2,1.8867962264113207,14,20,0.0
Non-Hispanic Black,Has_Diabetes,Alc_Amt,RF,22.0,0.0,22,22,0.0
Non-Hispanic Black,Has_Diabetes,HbA1c,RF,1.0,0.0,1,1,1.0
Non-Hispanic Black,Has_Diabetes,Cholesterol,RF,9.3,1.1,7,11,0.0
Non-Hispanic Black,Has_Diabetes,HDL,RF,10.6,0.66332495807108,9,11,0.0
Non-Hispanic Black,Has_Diabetes,Sys_BP,RF,5.3,1.004987562112089,4,7,0.0
Non-Hispanic Black,Has_Diabetes,Dia_BP,RF,8.4,0.7999999999999999,7,10,0.0
Non-Hispanic White,Has_Diabetes,Gender,RF,20.0,0.0,20,20,0.0
Non-Hispanic White,Has_Diabetes,Race,RF,23.0,0.0,23,23,0.0
Non-Hispanic White,Has_Diabetes,Income_Ratio,RF,3.9,0.3,3,4,0.1
Non-Hispanic White,Has_Diabetes,BMI,RF,3.0,0.4472135954999579,2,4,0.9
Non-Hispanic White,Has_Diabetes,Mod_Activity,RF,2.1,0.3,2,3,1.0
Non-Hispanic White,Has_Diabetes,Vig_Activity,RF,5.1,0.3,5,6,0.0
Non-Hispanic White,Has_Diabetes,Calories,RF,18.7,0.45825756949558394,18,19,0.0
Non-Hispanic White,Has_Diabetes,Sodium,RF,14.4,2.1071307505705477,12,17,0.0
Non-Hispanic White,Has_Diabetes,Carbs,RF,14.5,2.202271554554524,11,18,0.0
Non-Hispanic White,Has_Diabetes,Fat,RF,16.2,1.98997487421324,12,19,0.0
Non-Hispanic White,Has_Diabetes,Sat_Fat,RF,14.8,1.7776388834631178,13,18,0.0
Non-Hispanic White,Has_Diabetes,Sugar,RF,11.3,1.676305461424021,10,16,0.0
Non-Hispanic White,Has_Diabetes,Fiber,RF,16.2,1.8330302779823362,13,19,0.0
Non-Hispanic White,Has_Diabetes,Protein,RF,14.4,1.6852299546352716,12,17,0.0
Non-Hispanic White,Has_Diabetes,Ever_Smoked,RF,9.9,0.7,9,11,0.0
Non-Hispanic White,Has_Diabetes,Smoke_Freq,RF,21.2,0.4,21,22,0.0
Non-Hispanic White,Has_Diabetes,Alc_Freq,RF,14.2,2.2715633383201093,11,18,0.0
Non-Hispanic White,Has_Diabetes,Alc_Amt,RF,21.8,0.4,21,22,0.0
Non-Hispanic White,Has_Diabetes,HbA1c,RF,1.0,0.0,1,1,1.0
Non-Hispanic White,Has_Diabetes,Cholesterol,RF,5.9,0.3,5,6,0.0
Non-Hispanic White,Has_Diabetes,HDL,RF,7.0,0.0,7,7,0.0
Non-Hispanic White,Has_Diabetes,Sys_BP,RF,8.0,0.0,8,8,0.0
Non-Hispanic White,Has_Diabetes,Dia_BP,RF,9.4,0.6633249580710799,9,11,0.0
Other Hispanic,Has_Diabetes,Gender,RF,16.7,3.195309061734091,11,20,0.0
Other Hispanic,Has_Diabetes,Race,RF,23.0,0.0,23,23,0.0
Other Hispanic,Has_Diabetes,Income_Ratio,RF,5.3,0.45825756949558405,5,6,0.0
Other Hispanic,Has_Diabetes,BMI,RF,4.5,0.806225774829855,4,6,0.0
Other Hispanic,Has_Diabetes,Mod_Activity,RF,2.0,0.0,2,2,1.0
Other Hispanic,Has_Diabetes,Vig_Activity,RF,7.4,1.1135528725660042,6,9,0.0
Other Hispanic,Has_Diabetes,Calories,RF,14.5,2.8722813232690143,11,19,0.0
Other Hispanic,Has_Diabetes,Sodium,RF,16.1,2.3853720883753127,12,19,0.0
Other Hispanic,Has_Diabetes,Carbs,RF,13.4,2.1071307505705477,11,18,0.0
Other Hispanic,Has_Diabetes,Fat,RF,16.0,2.7202941017470885,12,20,0.0
Other Hispanic,Has_Diabetes,Sat_Fat,RF,13.4,2.3323807579381204,11,18,0.0
Other Hispanic,Has_Diabetes,Sugar,RF,13.3,1.3453624047073711,11,15,0.0
Other Hispanic,Has_Diabetes,Fiber,RF,17.1,2.071231517720798,13,21,0.0
Other Hispanic,Has_Diabetes,Protein,RF,16.5,2.5,12,20,0.0
Other Hispanic,Has_Diabetes,Ever_Smoked,RF,5.4,1.1135528725660042,4,7,0.0
Other Hispanic,Has_Diabetes,Smoke_Freq,RF,21.3,1.4866068747318506,17,22,0.0
Other Hispanic,Has_Diabetes,Alc_Freq,RF,18.5,1.8027756377319946,16,21,0.0
Other Hispanic,Has_Diabetes,Alc_Amt,RF,21.2,0.6,20,22,0.0
Other Hispanic,Has_Diabetes,HbA1c,RF,1.0,0.0,1,1,1.0
Other Hispanic,Has_Diabetes,Cholesterol,RF,8.3,0.9,7,10,0.0
Other Hispanic,Has_Diabetes,HDL,RF,9.9,0.3,9,10,0.0
Other Hispanic,Has_Diabetes,Sys_BP,RF,3.0,0.0,3,3,1.0
Other Hispanic,Has_Diabetes,Dia_BP,RF,8.2,0.6,7,9,0.0
Other/Multi-racial,Has_Diabetes,Gender,RF,18.3,1.9000000000000001,15,20,0.0
Other/Multi-racial,Has_Diabetes,Race,RF,23.0,0.0,23,23,0.0
Other/Multi-racial,Has_Diabetes,Income_Ratio,RF,3.4,0.66332495807108,2,4,0.5
Other/Multi-racial,Has_Diabetes,BMI,RF,3.4,0.66332495807108,2,4,0.5
Other/Multi-racial,Has_Diabetes,Mod_Activity,RF,2.2,0.39999999999999997,2,3,1.0
Other/Multi-racial,Has_Diabetes,Vig_Activity,RF,5.7,0.7810249675906654,5,7,0.0
Other/Multi-racial,Has_Diabetes,Calories,RF,15.6,2.90516780926679,11,20,0.0
Other/Multi-racial,Has_Diabetes,Sodium,RF,13.4,2.2891046284519194,9,17,0.0
Other/Multi-racial,Has_Diabetes,Carbs,RF,13.0,2.756809750418044,8,17,0.0
Other/Multi-racial,Has_Diabetes,Fat,RF,17.6,1.42828568570857,15,20,0.0
Other/Multi-racial,Has_Diabetes,Sat_Fat,RF,16.6,2.33238075793812,13,19,0.0
Other/Multi-racial,Has_Diabetes,Sugar,RF,10.5,1.2041594578792296,9,12,0.0
Other/Multi-racial,Has_Diabetes,Fiber,RF,17.0,1.6733200530681511,15,20,0.0
Other/Multi-racial,Has_Diabetes,Protein,RF,18.0,2.04939015319192,14,21,0.0
Other/Multi-racial,Has_Diabetes,Ever_Smoked,RF,10.6,3.0724582991474434,5,16,0.0
Other/Multi-racial,Has_Diabetes,Smoke_Freq,RF,20.5,1.5,16,21,0.0
Other/Multi-racial,Has_Diabetes,Alc_Freq,RF,11.4,2.764054992217051,7,17,0.0
Other/Multi-racial,Has_Diabetes,Alc_Amt,RF,22.0,0.0,22,22,0.0
Other/Multi-racial,Has_Diabetes,HbA1c,RF,1.0,0.0,1,1,1.0
Other/Multi-racial,Has_Diabetes,Cholesterol,RF,9.0,1.1832159566199232,8,11,0.0
Other/Multi-racial,Has_Diabetes,HDL,RF,6.7,0.9,5,8,0.0
Other/Multi-racial,Has_Diabetes,Sys_BP,RF,6.0,0.7745966692414834,5,7,0.0
Other/Multi-racial,Has_Diabetes,Dia_BP,RF,11.1,1.374772708486752,9,14,0.0
Mexican American,Has_Hypertension,Gender,RF,18.4,1.624807680927192,15,21,0.0
Mexican American,Has_Hypertension,Race,RF,23.0,0.0,23,23,0.0
Mexican American,Has_Hypertension,Income_Ratio,RF,3.8,0.9797958971132712,3,6,0.5
Mexican American,Has_Hypertension,BMI,RF,4.0,0.8944271909999159,2,5,0.2
Mexican American,Has_Hypertension,Mod_Activity,RF,1.1,0.3,1,2,1.0
Mexican American,Has_Hypertension,Vig_Activity,RF,6.0,0.6324555320336759,5,7,0.0
Mexican American,Has_Hypertension,Calories,RF,17.1,1.57797338380595,14,19,0.0
Mexican American,Has_Hypertension,Sodium,RF,15.6,2.3323807579381204,12,18,0.0
Mexican American,Has_Hypertension,Carbs,RF,12.7,1.2688577540449522,10,14,0.0
Mexican American,Has_Hypertension,Fat,RF,14.9,2.7367864366808017,10,19,0.0
Mexican American,Has_Hypertension,Sat_Fat,RF,15.9,1.8681541692269403,13,19,0.0
Mexican American,Has_Hypertension,Sugar,RF,10.3,0.9,9,12,0.0
Mexican American,Has_Hypertension,Fiber,RF,14.4,1.9595917942265424,11,18,0.0
Mexican American,Has_Hypertension,Protein,RF,14.5,1.5,12,17,0.0
Mexican American,Has_Hypertension,Ever_Smoked,RF,10.7,1.6155494421403511,8,14,0.0
Mexican American,Has_Hypertension,Smoke_Freq,RF,21.9,0.3,21,22,0.0
Mexican American,Has_Hypertension,Alc_Freq,RF,20.0,0.4472135954999579,19,21,0.0
Mexican American,Has_Hypertension,Alc_Amt,RF,20.8,0.7483314773547883,19,22,0.0
Mexican American,Has_Hypertension,HbA1c,RF,4.4,1.42828568570857,2,7,0.3
Mexican American,Has_Hypertension,Cholesterol,RF,8.1,0.3,8,9,0.0
Mexican American,Has_Hypertension,HDL,RF,9.7,0.9000000000000001,9,12,0.0
Mexican American,Has_Hypertension,Sys_BP,RF,2.1,0.5385164807134505,1,3,1.0
Mexican American,Has_Hypertension,Dia_BP,RF,6.6,0.66332495807108,5,7,0.0
Non-Hispanic Asian,Has_Hypertension,Gender,RF,16.8,1.8867962264113207,13,19,0.0
Non-Hispanic Asian,Has_Hypertension,Race,RF,23.0,0.0,23,23,0.0
Non-Hispanic Asian,Has_Hypertension,Income_Ratio,RF,5.6,0.4898979485566356,5,6,0.0
Non-Hispanic Asian,Has_Hypertension,BMI,RF,3.9,0.3,3,4,0.1
Non-Hispanic Asian,Has_Hypertension,Mod_Activity,RF,2.1,0.3,2,3,1.0
Non-Hispanic Asian,Has_Hypertension,Vig_Activity,RF,7.1,0.3,7,8,0.0
Non-Hispanic Asian,Has_Hypertension,Calories,RF,14.4,2.4576411454889016,11,19,0.0
Non-Hispanic Asian,Has_Hypertension,Sodium,RF,17.6,2.4576411454889016,12,20,0.0
Non-Hispanic Asian,Has_Hypertension,Carbs,RF,12.7,1.3453624047073711,11,15,0.0
Non-Hispanic Asian,Has_Hypertension,Fat,RF,17.0,1.7888543819998317,14,20,0.0
Non-Hispanic Asian,Has_Hypertension,Sat_Fat,RF,13.4,2.8000000000000003,11,19,0.0
Non-Hispanic Asian,Has_Hypertension,Sugar,RF,12.9,1.8138357147217055,11,17,0.0
Non-Hispanic Asian,Has_Hypertension,Fiber,RF,15.4,1.9078784028338913,13,19,0.0
Non-Hispanic Asian,Has_Hypertension,Protein,RF,15.7,2.0024984394500787,13,19,0.0
Non-Hispanic Asian,Has_Hypertension,Ever_Smoked,RF,9.7,0.45825756949558394,9,10,0.0
Non-Hispanic Asian,Has_Hypertension,Smoke_Freq,RF,21.4,0.4898979485566356,21,22,0.0
Non-Hispanic Asian,Has_Hypertension,Alc_Freq,RF,19.1,1.2206555615733703,17,20,0.0
Non-Hispanic Asian,Has_Hypertension,Alc_Amt,RF,21.6,0.4898979485566356,21,22,0.0
Non-Hispanic Asian,Has_Hypertension,HbA1c,RF,3.0,0.4472135954999579,2,4,0.9
Non-Hispanic Asian,Has_Hypertension,Cholesterol,RF,7.9,0.3,7,8,0.0
Non-Hispanic Asian,Has_Hypertension,HDL,RF,9.3,0.45825756949558394,9,10,0.0
Non-Hispanic Asian,Has_Hypertension,Sys_BP,RF,1.0,0.0,1,1,1.0
Non-Hispanic Asian,Has_Hypertension,Dia_BP,RF,5.4,0.4898979485566356,5,6,0.0
Non-Hispanic Black,Has_Hypertension,Gender,RF,20.6,1.562049935181331,16,22,0.0
Non-Hispanic Black,Has_Hypertension,Race,RF,23.0,0.0,23,23,0.0
Non-Hispanic Black,Has_Hypertension,Income_Ratio,RF,3.4,0.66332495807108,3,5,0.7
Non-Hispanic Black,Has_Hypertension,BMI,RF,4.9,1.0440306508910548,3,6,0.1
Non-Hispanic Black,Has_Hypertension,Mod_Activity,RF,1.0,0.0,1,1,1.0
Non-Hispanic Black,Has_Hypertension,Vig_Activity,RF,5.2,0.7483314773547882,4,6,0.0
Non-Hispanic Black,Has_Hypertension,Calories,RF,17.7,1.2688577540449522,15,20,0.0
Non-Hispanic Black,Has_Hypertension,Sodium,RF,18.2,2.4413111231467406,14,21,0.0
Non-Hispanic Black,Has_Hypertension,Carbs,RF,16.2,2.481934729198171,13,20,0.0
Non-Hispanic Black,Has_Hypertension,Fat,RF,18.4,1.1135528725660042,17,20,0.0
Non-Hispanic Black,Has_Hypertension,Sat_Fat,RF,17.5,2.1095023109728985,14,20,0.0
Non-Hispanic Black,Has_Hypertension,Sugar,RF,15.7,1.2688577540449522,14,18,0.0
Non-Hispanic Black,Has_Hypertension,Fiber,RF,14.7,1.7916472867168916,13,19,0.0
Non-Hispanic Black,Has_Hypertension,Protein,RF,14.3,1.8466185312619388,13,19,0.0
Non-Hispanic Black,Has_Hypertension,Ever_Smoked,RF,8.2,0.6,8,10,0.0
Non-Hispanic Black,Has_Hypertension,Smoke_Freq,RF,11.4,0.66332495807108,10,12,0.0
Non-Hispanic Black,Has_Hypertension,Alc_Freq,RF,11.3,0.9,9,12,0.0
Non-Hispanic Black,Has_Hypertension,Alc_Amt,RF,21.7,0.9,19,22,0.0
Non-Hispanic Black,Has_Hypertension,HbA1c,RF,4.5,1.02469507659596,3,6,0.2
Non-Hispanic Black,Has_Hypertension,Cholesterol,RF,9.1,0.5385164807134504,8,10,0.0
Non-Hispanic Black,Has_Hypertension,HDL,RF,10.0,0.6324555320336759,9,11,0.0
Non-Hispanic Black,Has_Hypertension,Sys_BP,RF,2.0,0.0,2,2,1.0
Non-Hispanic Black,Has_Hypertension,Dia_BP,RF,7.0,0.0,7,7,0.0
Non-Hispanic White,Has_Hypertension,Gender,RF,20.0,0.0,20,20,0.0
Non-Hispanic White,Has_Hypertension,Race,RF,23.0,0.0,23,23,0.0
Non-Hispanic White,Has_Hypertension,Income_Ratio,RF,3.3,0.45825756949558405,3,4,0.7
Non-Hispanic White,Has_Hypertension,BMI,RF,3.9,0.7,3,5,0.3
Non-Hispanic White,Has_Hypertension,Mod_Activity,RF,1.2,0.4,1,2,1.0
Non-Hispanic White,Has_Hypertension,Vig_Activity,RF,6.0,0.0,6,6,0.0
Non-Hispanic White,Has_Hypertension,Calories,RF,18.8,0.4,18,19,0.0
Non-Hispanic White,Has_Hypertension,Sodium,RF,15.2,1.661324772583615,13,18,0.0
Non-Hispanic White,Has_Hypertension,Carbs,RF,15.0,1.0,13,16,0.0
Non-Hispanic White,Has_Hypertension,Fat,RF,17.5,0.6708203932499369,17,19,0.0
Non-Hispanic White,Has_Hypertension,Sat_Fat,RF,16.9,1.3,15,19,0.0
Non-Hispanic White,Has_Hypertension,Sugar,RF,13.2,1.32664991614216,11,16,0.0
Non-Hispanic White,Has_Hypertension,Fiber,RF,11.8,1.2489995996796797,11,15,0.0
Non-Hispanic White,Has_Hypertension,Protein,RF,13.6,1.8547236990991407,11,18,0.0
Non-Hispanic White,Has_Hypertension,Ever_Smoked,RF,7.9,0.8306623862918076,7,9,0.0
Non-Hispanic White,Has_Hypertension,Smoke_Freq,RF,22.0,0.0,22,22,0.0
Non-Hispanic White,Has_Hypertension,Alc_Freq,RF,13.0,1.8439088914585775,11,17,0.0
Non-Hispanic White,Has_Hypertension,Alc_Amt,RF,21.0,0.0,21,21,0.0
Non-Hispanic White,Has_Hypertension,HbA1c,RF,4.8,0.39999999999999997,4,5,0.0
Non-Hispanic White,Has_Hypertension,Cholesterol,RF,8.4,0.8,7,9,0.0
Non-Hispanic White,Has_Hypertension,HDL,RF,10.0,0.0,10,10,0.0
Non-Hispanic White,Has_Hypertension,Sys_BP,RF,1.8,0.4,1,2,1.0
Non-Hispanic White,Has_Hypertension,Dia_BP,RF,7.7,0.6403124237432849,7,9,0.0
Other Hispanic,Has_Hypertension,Gender,RF,20.0,0.0,20,20,0.0
Other Hispanic,Has_Hypertension,Race,RF,23.0,0.0,23,23,0.0
Other Hispanic,Has_Hypertension,Income_Ratio,RF,4.8,0.39999999999999997,4,5,0.0
Other Hispanic,Has_Hypertension,BMI,RF,4.2,0.39999999999999997,4,5,0.0
Other Hispanic,Has_Hypertension,Mod_Activity,RF,1.7,0.9,1,3,1.0
Other Hispanic,Has_Hypertension,Vig_Activity,RF,7.4,0.4898979485566356,7,8,0.0
Other Hispanic,Has_Hypertension,Calories,RF,16.0,2.0,13,19,0.0
Other Hispanic,Has_Hypertension,Sodium,RF,15.6,1.8547236990991407,12,19,0.0
Other Hispanic,Has_Hypertension,Carbs,RF,13.8,2.2271057451320084,10,18,0.0
Other Hispanic,Has_Hypertension,Fat,RF,17.0,1.6733200530681511,13,19,0.0
Other Hispanic,Has_Hypertension,Sat_Fat,RF,14.9,2.7,12,19,0.0
Other Hispanic,Has_Hypertension,Sugar,RF,16.3,2.0024984394500787,13,19,0.0
Other Hispanic,Has_Hypertension,Fiber,RF,15.0,2.449489742783178,12,19,0.0
Other Hispanic,Has_Hypertension,Protein,RF,15.2,2.1354156504062622,12,19,0.0
Other Hispanic,Has_Hypertension,Ever_Smoked,RF,7.3,1.004987562112089,6,9,0.0
Other Hispanic,Has_Hypertension,Smoke_Freq,RF,21.7,0.45825756949558394,21,22,0.0
Other Hispanic,Has_Hypertension,Alc_Freq,RF,10.6,0.4898979485566356,10,11,0.0
Other Hispanic,Has_Hypertension,Alc_Amt,RF,21.3,0.45825756949558394,21,22,0.0
Other Hispanic,Has_Hypertension,HbA1c,RF,2.3,0.6403124237432849,1,3,1.0
Other Hispanic,Has_Hypertension,Cholesterol,RF,8.9,0.3,8,9,0.0
Other Hispanic,Has_Hypertension,HDL,RF,10.6,0.66332495807108,10,12,0.0
Other Hispanic,Has_Hypertension,Sys_BP,RF,2.0,0.7745966692414834,1,3,1.0
Other Hispanic,Has_Hypertension,Dia_BP,RF,6.4,0.66332495807108,6,8,0.0
Other/Multi-racial,Has_Hypertension,Gender,RF,20.1,0.7,19,21,0.0
Other/Multi-racial,Has_Hypertension,Race,RF,23.0,0.0,23,23,0.0
Other/Multi-racial,Has_Hypertension,Income_Ratio,RF,3.8,1.2489995996796797,2,5,0.5
Other/Multi-racial,Has_Hypertension,BMI,RF,3.8,1.32664991614216,2,6,0.4
Other/Multi-racial,Has_Hypertension,Mod_Activity,RF,1.0,0.0,1,1,1.0
Other/Multi-racial,Has_Hypertension,Vig_Activity,RF,5.4,1.019803902718557,4,7,0.0
Other/Multi-racial,Has_Hypertension,Calories,RF,18.2,2.181742422927143,15,22,0.0
Other/Multi-racial,Has_Hypertension,Sodium,RF,14.9,1.8681541692269403,12,18,0.0
Other/Multi-racial,Has_Hypertension,Carbs,RF,15.3,2.9,12,20,0.0
Other/Multi-racial,Has_Hypertension,Fat,RF,15.9,2.8442925306655784,12,21,0.0
Other/Multi-racial,Has_Hypertension,Sat_Fat,RF,16.2,2.5612496949731396,11,21,0.0
Other/Multi-racial,Has_Hypertension,Sugar,RF,13.1,1.445683229480096,12,16,0.0
Other/Multi-racial,Has_Hypertension,Fiber,RF,15.9,2.211334438749598,12,19,0.0
Other/Multi-racial,Has_Hypertension,Protein,RF,16.2,1.8867962264113207,14,20,0.0
Other/Multi-racial,Has_Hypertension,Ever_Smoked,RF,9.5,1.6278820596099706,8,13,0.0
Other/Multi-racial,Has_Hypertension,Smoke_Freq,RF,19.3,2.147091055358389,15,22,0.0
Other/Multi-racial,Has_Hypertension,Alc_Freq,RF,9.6,0.8,8,11,0.0
Other/Multi-racial,Has_Hypertension,Alc_Amt,RF,21.7,0.6403124237432849,20,22,0.0
Other/Multi-racial,Has_Hypertension,HbA1c,RF,3.1,1.1357816691600549,2,5,0.7
Other/Multi-racial,Has_Hypertension,Cholesterol,RF,9.9,1.1357816691600546,8,11,0.0
Other/Multi-racial,Has_Hypertension,HDL,RF,9.2,1.0770329614269007,8,11,0.0
Other/Multi-racial,Has_Hypertension,Sys_BP,RF,4.0,1.4142135623730951,2,6,0.4
Other/Multi-racial,Has_Hypertension,Dia_BP,RF,6.9,0.3,6,7,0.0
