Race,Target,Feature,Readable_Feature,Coefficient,Abs_Coefficient,ROC_AUC,PR_AUC,N_Samples,Rank
Mexican American,Has_Diabetes,RIAGENDR,Gender,0.7248293471167606,0.7248293471167606,0.900817630495993,0.6069518302589391,1116,3.0
Mexican American,Has_Diabetes,INDFMPIR,Income_Ratio,0.08644051194000318,0.08644051194000318,0.900817630495993,0.6069518302589391,1116,20.0
Mexican American,Has_Diabetes,BMXBMI,BMI,0.3470946663766642,0.3470946663766642,0.900817630495993,0.6069518302589391,1116,11.0
Mexican American,Has_Diabetes,PAD680,Mod_Activity,0.1264319388913881,0.1264319388913881,0.900817630495993,0.6069518302589391,1116,18.0
Mexican American,Has_Diabetes,PAD800,Vig_Activity,-0.2993081434893551,0.2993081434893551,0.900817630495993,0.6069518302589391,1116,13.0
Mexican American,Has_Diabetes,DR1TKCAL,Calories,0.3166227350106327,0.3166227350106327,0.900817630495993,0.6069518302589391,1116,12.0
Mexican American,Has_Diabetes,DR1TSODI,Sodium,-0.41243353638868535,0.41243353638868535,0.900817630495993,0.6069518302589391,1116,9.0
Mexican American,Has_Diabetes,DR1TCARB,Carbs,-0.09736427841969669,0.09736427841969669,0.900817630495993,0.6069518302589391,1116,19.0
Mexican American,Has_Diabetes,DR1TTFAT,Fat,0.8551747416533604,0.8551747416533604,0.900817630495993,0.6069518302589391,1116,2.0
Mexican American,Has_Diabetes,DR1TSFAT,Sat_Fat,-0.6801622442339889,0.6801622442339889,0.900817630495993,0.6069518302589391,1116,5.0
Mexican American,Has_Diabetes,DR1TSUGR,Sugar,-0.40632911840275654,0.40632911840275654,0.900817630495993,0.6069518302589391,1116,10.0
Mexican American,Has_Diabetes,DR1TFIBE,Fiber,-0.24483964446895126,0.24483964446895126,0.900817630495993,0.6069518302589391,1116,15.0
Mexican American,Has_Diabetes,DR1TPROT,Protein,-0.0561386400179287,0.0561386400179287,0.900817630495993,0.6069518302589391,1116,22.0
Mexican American,Has_Diabetes,SMQ020,Ever_Smoked,-0.6935015164076458,0.6935015164076458,0.900817630495993,0.6069518302589391,1116,4.0
Mexican American,Has_Diabetes,SMQ040,Smoke_Freq,0.06106090270026951,0.06106090270026951,0.900817630495993,0.6069518302589391,1116,21.0
Mexican American,Has_Diabetes,ALQ121,Alc_Freq,-0.1771450354701213,0.1771450354701213,0.900817630495993,0.6069518302589391,1116,17.0
Mexican American,Has_Diabetes,ALQ130,Alc_Amt,-0.21619050850649102,0.21619050850649102,0.900817630495993,0.6069518302589391,1116,16.0
Mexican American,Has_Diabetes,LBXGH,HbA1c,1.3194385999455513,1.3194385999455513,0.900817630495993,0.6069518302589391,1116,1.0
Mexican American,Has_Diabetes,LBXTC,Cholesterol,-0.5694140887182535,0.5694140887182535,0.900817630495993,0.6069518302589391,1116,7.0
Mexican American,Has_Diabetes,LBDHDD,HDL,-0.28221150584573385,0.28221150584573385,0.900817630495993,0.6069518302589391,1116,14.0
Mexican American,Has_Diabetes,BPXOSY1,Sys_BP,0.6473404282821758,0.6473404282821758,0.900817630495993,0.6069518302589391,1116,6.0
Mexican American,Has_Diabetes,BPXODI1,Dia_BP,-0.5137399780864593,0.5137399780864593,0.900817630495993,0.6069518302589391,1116,8.0
Non-Hispanic Asian,Has_Diabetes,RIAGENDR,Gender,0.015392564521582075,0.015392564521582075,0.8319232756393697,0.4850168055492044,681,21.0
Non-Hispanic Asian,Has_Diabetes,INDFMPIR,Income_Ratio,-0.18424755007833926,0.18424755007833926,0.8319232756393697,0.4850168055492044,681,14.0
Non-Hispanic Asian,Has_Diabetes,BMXBMI,BMI,0.5804014017311109,0.5804014017311109,0.8319232756393697,0.4850168055492044,681,5.0
Non-Hispanic Asian,Has_Diabetes,PAD680,Mod_Activity,-0.18493254038767168,0.18493254038767168,0.8319232756393697,0.4850168055492044,681,13.0
Non-Hispanic Asian,Has_Diabetes,PAD800,Vig_Activity,0.013199113637472882,0.013199113637472882,0.8319232756393697,0.4850168055492044,681,22.0
Non-Hispanic Asian,Has_Diabetes,DR1TKCAL,Calories,0.5232812263352722,0.5232812263352722,0.8319232756393697,0.4850168055492044,681,6.0
Non-Hispanic Asian,Has_Diabetes,DR1TSODI,Sodium,0.15501959137612195,0.15501959137612195,0.8319232756393697,0.4850168055492044,681,15.0
Non-Hispanic Asian,Has_Diabetes,DR1TCARB,Carbs,-0.22181314744492933,0.22181314744492933,0.8319232756393697,0.4850168055492044,681,12.0
Non-Hispanic Asian,Has_Diabetes,DR1TTFAT,Fat,-0.31765777554573366,0.31765777554573366,0.8319232756393697,0.4850168055492044,681,8.0
Non-Hispanic Asian,Has_Diabetes,DR1TSFAT,Sat_Fat,-0.27260825212579864,0.27260825212579864,0.8319232756393697,0.4850168055492044,681,9.0
Non-Hispanic Asian,Has_Diabetes,DR1TSUGR,Sugar,0.026430118973799367,0.026430118973799367,0.8319232756393697,0.4850168055492044,681,20.0
Non-Hispanic Asian,Has_Diabetes,DR1TFIBE,Fiber,-0.6226661289875706,0.6226661289875706,0.8319232756393697,0.4850168055492044,681,4.0
Non-Hispanic Asian,Has_Diabetes,DR1TPROT,Protein,0.03206556058797311,0.03206556058797311,0.8319232756393697,0.4850168055492044,681,19.0
Non-Hispanic Asian,Has_Diabetes,SMQ020,Ever_Smoked,-0.23794244311599716,0.23794244311599716,0.8319232756393697,0.4850168055492044,681,11.0
Non-Hispanic Asian,Has_Diabetes,SMQ040,Smoke_Freq,0.24589889549699795,0.24589889549699795,0.8319232756393697,0.4850168055492044,681,10.0
Non-Hispanic Asian,Has_Diabetes,ALQ121,Alc_Freq,0.11669735458972368,0.11669735458972368,0.8319232756393697,0.4850168055492044,681,17.0
Non-Hispanic Asian,Has_Diabetes,ALQ130,Alc_Amt,0.12131793294581242,0.12131793294581242,0.8319232756393697,0.4850168055492044,681,16.0
Non-Hispanic Asian,Has_Diabetes,LBXGH,HbA1c,1.1171562086518818,1.1171562086518818,0.8319232756393697,0.4850168055492044,681,1.0
Non-Hispanic Asian,Has_Diabetes,LBXTC,Cholesterol,-0.4540869246478802,0.4540869246478802,0.8319232756393697,0.4850168055492044,681,7.0
Non-Hispanic Asian,Has_Diabetes,LBDHDD,HDL,0.03904478691385084,0.03904478691385084,0.8319232756393697,0.4850168055492044,681,18.0
Non-Hispanic Asian,Has_Diabetes,BPXOSY1,Sys_BP,0.8352098802794872,0.8352098802794872,0.8319232756393697,0.4850168055492044,681,2.0
Non-Hispanic Asian,Has_Diabetes,BPXODI1,Dia_BP,-0.6313607621200523,0.6313607621200523,0.8319232756393697,0.4850168055492044,681,3.0
Non-Hispanic Black,Has_Diabetes,RIAGENDR,Gender,0.18848298476021302,0.18848298476021302,0.8737553342816501,0.610060609451104,1597,10.0
Non-Hispanic Black,Has_Diabetes,INDFMPIR,Income_Ratio,0.08155668961522172,0.08155668961522172,0.8737553342816501,0.610060609451104,1597,16.0
Non-Hispanic Black,Has_Diabetes,BMXBMI,BMI,0.3272300943381284,0.3272300943381284,0.8737553342816501,0.610060609451104,1597,7.0
Non-Hispanic Black,Has_Diabetes,PAD680,Mod_Activity,0.21884412338890752,0.21884412338890752,0.8737553342816501,0.610060609451104,1597,8.0
Non-Hispanic Black,Has_Diabetes,PAD800,Vig_Activity,-0.4355719454777817,0.4355719454777817,0.8737553342816501,0.610060609451104,1597,5.0
Non-Hispanic Black,Has_Diabetes,DR1TKCAL,Calories,0.16330575281258533,0.16330575281258533,0.8737553342816501,0.610060609451104,1597,13.0
Non-Hispanic Black,Has_Diabetes,DR1TSODI,Sodium,-0.04755186305542081,0.04755186305542081,0.8737553342816501,0.610060609451104,1597,19.0
Non-Hispanic Black,Has_Diabetes,DR1TCARB,Carbs,0.06541928123147762,0.06541928123147762,0.8737553342816501,0.610060609451104,1597,18.0
Non-Hispanic Black,Has_Diabetes,DR1TTFAT,Fat,-0.047160162374527054,0.047160162374527054,0.8737553342816501,0.610060609451104,1597,20.0
Non-Hispanic Black,Has_Diabetes,DR1TSFAT,Sat_Fat,-0.1845411271558552,0.1845411271558552,0.8737553342816501,0.610060609451104,1597,11.0
Non-Hispanic Black,Has_Diabetes,DR1TSUGR,Sugar,-0.48924357756493025,0.48924357756493025,0.8737553342816501,0.610060609451104,1597,4.0
Non-Hispanic Black,Has_Diabetes,DR1TFIBE,Fiber,0.008780980039884775,0.008780980039884775,0.8737553342816501,0.610060609451104,1597,21.0
Non-Hispanic Black,Has_Diabetes,DR1TPROT,Protein,0.1974630722951733,0.1974630722951733,0.8737553342816501,0.610060609451104,1597,9.0
Non-Hispanic Black,Has_Diabetes,SMQ020,Ever_Smoked,-0.6089603394276049,0.6089603394276049,0.8737553342816501,0.610060609451104,1597,2.0
Non-Hispanic Black,Has_Diabetes,SMQ040,Smoke_Freq,0.12271028270722391,0.12271028270722391,0.8737553342816501,0.610060609451104,1597,14.0
Non-Hispanic Black,Has_Diabetes,ALQ121,Alc_Freq,-0.1800108671137799,0.1800108671137799,0.8737553342816501,0.610060609451104,1597,12.0
Non-Hispanic Black,Has_Diabetes,ALQ130,Alc_Amt,-0.06617494160243073,0.06617494160243073,0.8737553342816501,0.610060609451104,1597,17.0
Non-Hispanic Black,Has_Diabetes,LBXGH,HbA1c,1.7572046483206385,1.7572046483206385,0.8737553342816501,0.610060609451104,1597,1.0
Non-Hispanic Black,Has_Diabetes,LBXTC,Cholesterol,-0.0012818353264546231,0.0012818353264546231,0.8737553342816501,0.610060609451104,1597,22.0
Non-Hispanic Black,Has_Diabetes,LBDHDD,HDL,-0.09565866491704209,0.09565866491704209,0.8737553342816501,0.610060609451104,1597,15.0
Non-Hispanic Black,Has_Diabetes,BPXOSY1,Sys_BP,0.5329509943332297,0.5329509943332297,0.8737553342816501,0.610060609451104,1597,3.0
Non-Hispanic Black,Has_Diabetes,BPXODI1,Dia_BP,-0.4300888089323179,0.4300888089323179,0.8737553342816501,0.610060609451104,1597,6.0
Non-Hispanic White,Has_Diabetes,RIAGENDR,Gender,-0.010438673326512372,0.010438673326512372,0.8920860053952248,0.6136329944410448,6214,21.0
Non-Hispanic White,Has_Diabetes,INDFMPIR,Income_Ratio,-0.15957924883967547,0.15957924883967547,0.8920860053952248,0.6136329944410448,6214,11.0
Non-Hispanic White,Has_Diabetes,BMXBMI,BMI,0.2544645302269304,0.2544645302269304,0.8920860053952248,0.6136329944410448,6214,9.0
Non-Hispanic White,Has_Diabetes,PAD680,Mod_Activity,0.3497765261245783,0.3497765261245783,0.8920860053952248,0.6136329944410448,6214,5.0
Non-Hispanic White,Has_Diabetes,PAD800,Vig_Activity,-0.08476668599972914,0.08476668599972914,0.8920860053952248,0.6136329944410448,6214,17.0
Non-Hispanic White,Has_Diabetes,DR1TKCAL,Calories,0.5975663125856755,0.5975663125856755,0.8920860053952248,0.6136329944410448,6214,2.0
Non-Hispanic White,Has_Diabetes,DR1TSODI,Sodium,-0.022919474165635875,0.022919474165635875,0.8920860053952248,0.6136329944410448,6214,19.0
Non-Hispanic White,Has_Diabetes,DR1TCARB,Carbs,-0.2963886874963666,0.2963886874963666,0.8920860053952248,0.6136329944410448,6214,6.0
Non-Hispanic White,Has_Diabetes,DR1TTFAT,Fat,-0.12677925952013167,0.12677925952013167,0.8920860053952248,0.6136329944410448,6214,14.0
Non-Hispanic White,Has_Diabetes,DR1TSFAT,Sat_Fat,0.009194893502308892,0.009194893502308892,0.8920860053952248,0.6136329944410448,6214,22.0
Non-Hispanic White,Has_Diabetes,DR1TSUGR,Sugar,-0.2569135111668989,0.2569135111668989,0.8920860053952248,0.6136329944410448,6214,8.0
Non-Hispanic White,Has_Diabetes,DR1TFIBE,Fiber,-0.09644697548903465,0.09644697548903465,0.8920860053952248,0.6136329944410448,6214,16.0
Non-Hispanic White,Has_Diabetes,DR1TPROT,Protein,-0.14353003712439436,0.14353003712439436,0.8920860053952248,0.6136329944410448,6214,13.0
Non-Hispanic White,Has_Diabetes,SMQ020,Ever_Smoked,-0.3589357067383577,0.3589357067383577,0.8920860053952248,0.6136329944410448,6214,4.0
Non-Hispanic White,Has_Diabetes,SMQ040,Smoke_Freq,0.10611181589585858,0.10611181589585858,0.8920860053952248,0.6136329944410448,6214,15.0
Non-Hispanic White,Has_Diabetes,ALQ121,Alc_Freq,0.019564428685515077,0.019564428685515077,0.8920860053952248,0.6136329944410448,6214,20.0
Non-Hispanic White,Has_Diabetes,ALQ130,Alc_Amt,-0.0711417566105303,0.0711417566105303,0.8920860053952248,0.6136329944410448,6214,18.0
Non-Hispanic White,Has_Diabetes,LBXGH,HbA1c,1.732975963434995,1.732975963434995,0.8920860053952248,0.6136329944410448,6214,1.0
Non-Hispanic White,Has_Diabetes,LBXTC,Cholesterol,-0.36052065141443673,0.36052065141443673,0.8920860053952248,0.6136329944410448,6214,3.0
Non-Hispanic White,Has_Diabetes,LBDHDD,HDL,-0.1565650075308897,0.1565650075308897,0.8920860053952248,0.6136329944410448,6214,12.0
Non-Hispanic White,Has_Diabetes,BPXOSY1,Sys_BP,0.23412826291869818,0.23412826291869818,0.8920860053952248,0.6136329944410448,6214,10.0
Non-Hispanic White,Has_Diabetes,BPXODI1,Dia_BP,-0.26596048769747016,0.26596048769747016,0.8920860053952248,0.6136329944410448,6214,7.0
Other Hispanic,Has_Diabetes,RIAGENDR,Gender,-0.1985613236304475,0.1985613236304475,0.9105101264947812,0.6980622950537727,1373,15.0
Other Hispanic,Has_Diabetes,INDFMPIR,Income_Ratio,-0.13882392425178472,0.13882392425178472,0.9105101264947812,0.6980622950537727,1373,18.0
Other Hispanic,Has_Diabetes,BMXBMI,BMI,0.47387504982534306,0.47387504982534306,0.9105101264947812,0.6980622950537727,1373,5.0
Other Hispanic,Has_Diabetes,PAD680,Mod_Activity,0.45569970961081707,0.45569970961081707,0.9105101264947812,0.6980622950537727,1373,7.0
Other Hispanic,Has_Diabetes,PAD800,Vig_Activity,0.07363045499292874,0.07363045499292874,0.9105101264947812,0.6980622950537727,1373,19.0
Other Hispanic,Has_Diabetes,DR1TKCAL,Calories,-0.31240470255631714,0.31240470255631714,0.9105101264947812,0.6980622950537727,1373,10.0
Other Hispanic,Has_Diabetes,DR1TSODI,Sodium,0.057817458182373466,0.057817458182373466,0.9105101264947812,0.6980622950537727,1373,20.0
Other Hispanic,Has_Diabetes,DR1TCARB,Carbs,0.21134569179549179,0.21134569179549179,0.9105101264947812,0.6980622950537727,1373,14.0
Other Hispanic,Has_Diabetes,DR1TTFAT,Fat,-0.43774405913353004,0.43774405913353004,0.9105101264947812,0.6980622950537727,1373,8.0
Other Hispanic,Has_Diabetes,DR1TSFAT,Sat_Fat,0.48938999914836695,0.48938999914836695,0.9105101264947812,0.6980622950537727,1373,4.0
Other Hispanic,Has_Diabetes,DR1TSUGR,Sugar,-0.029405941535276425,0.029405941535276425,0.9105101264947812,0.6980622950537727,1373,22.0
Other Hispanic,Has_Diabetes,DR1TFIBE,Fiber,0.03312155488353122,0.03312155488353122,0.9105101264947812,0.6980622950537727,1373,21.0
Other Hispanic,Has_Diabetes,DR1TPROT,Protein,-0.14977571595924086,0.14977571595924086,0.9105101264947812,0.6980622950537727,1373,16.0
Other Hispanic,Has_Diabetes,SMQ020,Ever_Smoked,-0.7585674490980338,0.7585674490980338,0.9105101264947812,0.6980622950537727,1373,3.0
Other Hispanic,Has_Diabetes,SMQ040,Smoke_Freq,0.45777832093417725,0.45777832093417725,0.9105101264947812,0.6980622950537727,1373,6.0
Other Hispanic,Has_Diabetes,ALQ121,Alc_Freq,0.22949805154470057,0.22949805154470057,0.9105101264947812,0.6980622950537727,1373,13.0
Other Hispanic,Has_Diabetes,ALQ130,Alc_Amt,-1.0800229574828517,1.0800229574828517,0.9105101264947812,0.6980622950537727,1373,2.0
Other Hispanic,Has_Diabetes,LBXGH,HbA1c,2.515577421234145,2.515577421234145,0.9105101264947812,0.6980622950537727,1373,1.0
Other Hispanic,Has_Diabetes,LBXTC,Cholesterol,-0.3370256549639645,0.3370256549639645,0.9105101264947812,0.6980622950537727,1373,9.0
Other Hispanic,Has_Diabetes,LBDHDD,HDL,0.264376458547692,0.264376458547692,0.9105101264947812,0.6980622950537727,1373,11.0
Other Hispanic,Has_Diabetes,BPXOSY1,Sys_BP,0.23432994010922967,0.23432994010922967,0.9105101264947812,0.6980622950537727,1373,12.0
Other Hispanic,Has_Diabetes,BPXODI1,Dia_BP,-0.1438235648674035,0.1438235648674035,0.9105101264947812,0.6980622950537727,1373,17.0
Other/Multi-racial,Has_Diabetes,RIAGENDR,Gender,0.4234495718514812,0.4234495718514812,0.8883390591966175,0.7444483696050581,948,4.0
Other/Multi-racial,Has_Diabetes,INDFMPIR,Income_Ratio,-0.0014356028395323965,0.0014356028395323965,0.8883390591966175,0.7444483696050581,948,22.0
Other/Multi-racial,Has_Diabetes,BMXBMI,BMI,-0.010458498911641486,0.010458498911641486,0.8883390591966175,0.7444483696050581,948,21.0
Other/Multi-racial,Has_Diabetes,PAD680,Mod_Activity,-0.20310431386586533,0.20310431386586533,0.8883390591966175,0.7444483696050581,948,12.0
Other/Multi-racial,Has_Diabetes,PAD800,Vig_Activity,-0.300688957931268,0.300688957931268,0.8883390591966175,0.7444483696050581,948,7.0
Other/Multi-racial,Has_Diabetes,DR1TKCAL,Calories,-0.2939301171070182,0.2939301171070182,0.8883390591966175,0.7444483696050581,948,9.0
Other/Multi-racial,Has_Diabetes,DR1TSODI,Sodium,0.2693647516846091,0.2693647516846091,0.8883390591966175,0.7444483696050581,948,11.0
Other/Multi-racial,Has_Diabetes,DR1TCARB,Carbs,-0.034219437303439716,0.034219437303439716,0.8883390591966175,0.7444483696050581,948,19.0
Other/Multi-racial,Has_Diabetes,DR1TTFAT,Fat,-0.5277681430568677,0.5277681430568677,0.8883390591966175,0.7444483696050581,948,3.0
Other/Multi-racial,Has_Diabetes,DR1TSFAT,Sat_Fat,0.4071689610850187,0.4071689610850187,0.8883390591966175,0.7444483696050581,948,5.0
Other/Multi-racial,Has_Diabetes,DR1TSUGR,Sugar,0.07423867424245191,0.07423867424245191,0.8883390591966175,0.7444483696050581,948,17.0
Other/Multi-racial,Has_Diabetes,DR1TFIBE,Fiber,0.07757186755005527,0.07757186755005527,0.8883390591966175,0.7444483696050581,948,16.0
Other/Multi-racial,Has_Diabetes,DR1TPROT,Protein,-0.2783077373376765,0.2783077373376765,0.8883390591966175,0.7444483696050581,948,10.0
Other/Multi-racial,Has_Diabetes,SMQ020,Ever_Smoked,0.7752310031262437,0.7752310031262437,0.8883390591966175,0.7444483696050581,948,2.0
Other/Multi-racial,Has_Diabetes,SMQ040,Smoke_Freq,-0.1066291602106864,0.1066291602106864,0.8883390591966175,0.7444483696050581,948,15.0
Other/Multi-racial,Has_Diabetes,ALQ121,Alc_Freq,-0.1378537868803329,0.1378537868803329,0.8883390591966175,0.7444483696050581,948,13.0
Other/Multi-racial,Has_Diabetes,ALQ130,Alc_Amt,0.057972207006815706,0.057972207006815706,0.8883390591966175,0.7444483696050581,948,18.0
Other/Multi-racial,Has_Diabetes,LBXGH,HbA1c,3.195558875960664,3.195558875960664,0.8883390591966175,0.7444483696050581,948,1.0
Other/Multi-racial,Has_Diabetes,LBXTC,Cholesterol,-0.2972379055514393,0.2972379055514393,0.8883390591966175,0.7444483696050581,948,8.0
Other/Multi-racial,Has_Diabetes,LBDHDD,HDL,-0.3083218422473511,0.3083218422473511,0.8883390591966175,0.7444483696050581,948,6.0
Other/Multi-racial,Has_Diabetes,BPXOSY1,Sys_BP,0.13200891132793752,0.13200891132793752,0.8883390591966175,0.7444483696050581,948,14.0
Other/Multi-racial,Has_Diabetes,BPXODI1,Dia_BP,-0.011467989129437105,0.011467989129437105,0.8883390591966175,0.7444483696050581,948,20.0
Mexican American,Has_Hypertension,RIAGENDR,Gender,0.06494262718356385,0.06494262718356385,0.8265282131661442,0.5172691704839404,1117,19.0
Mexican American,Has_Hypertension,INDFMPIR,Income_Ratio,0.15390297886942508,0.15390297886942508,0.8265282131661442,0.5172691704839404,1117,14.0
Mexican American,Has_Hypertension,BMXBMI,BMI,0.7091103585084053,0.7091103585084053,0.8265282131661442,0.5172691704839404,1117,3.0
Mexican American,Has_Hypertension,PAD680,Mod_Activity,0.1654875349409454,0.1654875349409454,0.8265282131661442,0.5172691704839404,1117,12.0
Mexican American,Has_Hypertension,PAD800,Vig_Activity,-0.09069013488989397,0.09069013488989397,0.8265282131661442,0.5172691704839404,1117,17.0
Mexican American,Has_Hypertension,DR1TKCAL,Calories,-1.0151361530941578,1.0151361530941578,0.8265282131661442,0.5172691704839404,1117,1.0
Mexican American,Has_Hypertension,DR1TSODI,Sodium,0.4653181044660035,0.4653181044660035,0.8265282131661442,0.5172691704839404,1117,5.0
Mexican American,Has_Hypertension,DR1TCARB,Carbs,-0.07907060169055166,0.07907060169055166,0.8265282131661442,0.5172691704839404,1117,18.0
Mexican American,Has_Hypertension,DR1TTFAT,Fat,0.63864049249429,0.63864049249429,0.8265282131661442,0.5172691704839404,1117,4.0
Mexican American,Has_Hypertension,DR1TSFAT,Sat_Fat,-0.1639152485775798,0.1639152485775798,0.8265282131661442,0.5172691704839404,1117,13.0
Mexican American,Has_Hypertension,DR1TSUGR,Sugar,0.18417196915263162,0.18417196915263162,0.8265282131661442,0.5172691704839404,1117,11.0
Mexican American,Has_Hypertension,DR1TFIBE,Fiber,0.23880086915265353,0.23880086915265353,0.8265282131661442,0.5172691704839404,1117,9.0
Mexican American,Has_Hypertension,DR1TPROT,Protein,-0.1330657337640303,0.1330657337640303,0.8265282131661442,0.5172691704839404,1117,15.0
Mexican American,Has_Hypertension,SMQ020,Ever_Smoked,-0.3644402543955147,0.3644402543955147,0.8265282131661442,0.5172691704839404,1117,6.0
Mexican American,Has_Hypertension,SMQ040,Smoke_Freq,-0.020312069546464938,0.020312069546464938,0.8265282131661442,0.5172691704839404,1117,21.0
Mexican American,Has_Hypertension,ALQ121,Alc_Freq,0.021129372052916824,0.021129372052916824,0.8265282131661442,0.5172691704839404,1117,20.0
Mexican American,Has_Hypertension,ALQ130,Alc_Amt,-0.32479705403997927,0.32479705403997927,0.8265282131661442,0.5172691704839404,1117,8.0
Mexican American,Has_Hypertension,LBXGH,HbA1c,0.34936819144044867,0.34936819144044867,0.8265282131661442,0.5172691704839404,1117,7.0
Mexican American,Has_Hypertension,LBXTC,Cholesterol,-0.23824172951605485,0.23824172951605485,0.8265282131661442,0.5172691704839404,1117,10.0
Mexican American,Has_Hypertension,LBDHDD,HDL,-0.010901291112859576,0.010901291112859576,0.8265282131661442,0.5172691704839404,1117,22.0
Mexican American,Has_Hypertension,BPXOSY1,Sys_BP,0.8289620750517416,0.8289620750517416,0.8265282131661442,0.5172691704839404,1117,2.0
Mexican American,Has_Hypertension,BPXODI1,Dia_BP,-0.09287369578017467,0.09287369578017467,0.8265282131661442,0.5172691704839404,1117,16.0
Non-Hispanic Asian,Has_Hypertension,RIAGENDR,Gender,0.27775449502640565,0.27775449502640565,0.8021266013361832,0.5710087928471742,680,7.0
Non-Hispanic Asian,Has_Hypertension,INDFMPIR,Income_Ratio,-0.010259900157794093,0.010259900157794093,0.8021266013361832,0.5710087928471742,680,22.0
Non-Hispanic Asian,Has_Hypertension,BMXBMI,BMI,0.5601064566548203,0.5601064566548203,0.8021266013361832,0.5710087928471742,680,2.0
Non-Hispanic Asian,Has_Hypertension,PAD680,Mod_Activity,-0.11505975789371072,0.11505975789371072,0.8021266013361832,0.5710087928471742,680,14.0
Non-Hispanic Asian,Has_Hypertension,PAD800,Vig_Activity,0.01810577500298803,0.01810577500298803,0.8021266013361832,0.5710087928471742,680,21.0
Non-Hispanic Asian,Has_Hypertension,DR1TKCAL,Calories,0.4149085836271131,0.4149085836271131,0.8021266013361832,0.5710087928471742,680,3.0
Non-Hispanic Asian,Has_Hypertension,DR1TSODI,Sodium,0.10786573063945377,0.10786573063945377,0.8021266013361832,0.5710087928471742,680,15.0
Non-Hispanic Asian,Has_Hypertension,DR1TCARB,Carbs,-0.34201548092876705,0.34201548092876705,0.8021266013361832,0.5710087928471742,680,5.0
Non-Hispanic Asian,Has_Hypertension,DR1TTFAT,Fat,-0.14890912414330904,0.14890912414330904,0.8021266013361832,0.5710087928471742,680,12.0
Non-Hispanic Asian,Has_Hypertension,DR1TSFAT,Sat_Fat,-0.2738056962823297,0.2738056962823297,0.8021266013361832,0.5710087928471742,680,8.0
Non-Hispanic Asian,Has_Hypertension,DR1TSUGR,Sugar,0.2301489765475729,0.2301489765475729,0.8021266013361832,0.5710087928471742,680,10.0
Non-Hispanic Asian,Has_Hypertension,DR1TFIBE,Fiber,-0.06329412312711527,0.06329412312711527,0.8021266013361832,0.5710087928471742,680,17.0
Non-Hispanic Asian,Has_Hypertension,DR1TPROT,Protein,0.03206561732660868,0.03206561732660868,0.8021266013361832,0.5710087928471742,680,19.0
Non-Hispanic Asian,Has_Hypertension,SMQ020,Ever_Smoked,-0.3700117594088418,0.3700117594088418,0.8021266013361832,0.5710087928471742,680,4.0
Non-Hispanic Asian,Has_Hypertension,SMQ040,Smoke_Freq,0.23234574600592295,0.23234574600592295,0.8021266013361832,0.5710087928471742,680,9.0
Non-Hispanic Asian,Has_Hypertension,ALQ121,Alc_Freq,0.02873447334385515,0.02873447334385515,0.8021266013361832,0.5710087928471742,680,20.0
Non-Hispanic Asian,Has_Hypertension,ALQ130,Alc_Amt,0.18086172993448477,0.18086172993448477,0.8021266013361832,0.5710087928471742,680,11.0
Non-Hispanic Asian,Has_Hypertension,LBXGH,HbA1c,0.3285578533149715,0.3285578533149715,0.8021266013361832,0.5710087928471742,680,6.0
Non-Hispanic Asian,Has_Hypertension,LBXTC,Cholesterol,-0.10113718352539812,0.10113718352539812,0.8021266013361832,0.5710087928471742,680,16.0
Non-Hispanic Asian,Has_Hypertension,LBDHDD,HDL,-0.03939914323469943,0.03939914323469943,0.8021266013361832,0.5710087928471742,680,18.0
Non-Hispanic Asian,Has_Hypertension,BPXOSY1,Sys_BP,1.2689794074097012,1.2689794074097012,0.8021266013361832,0.5710087928471742,680,1.0
Non-Hispanic Asian,Has_Hypertension,BPXODI1,Dia_BP,-0.1356724738903656,0.1356724738903656,0.8021266013361832,0.5710087928471742,680,13.0
Non-Hispanic Black,Has_Hypertension,RIAGENDR,Gender,0.28583302851193404,0.28583302851193404,0.8206818909838569,0.6531249905804966,1596,6.0
Non-Hispanic Black,Has_Hypertension,INDFMPIR,Income_Ratio,0.15019714732110806,0.15019714732110806,0.8206818909838569,0.6531249905804966,1596,12.0
Non-Hispanic Black,Has_Hypertension,BMXBMI,BMI,0.6183011178014125,0.6183011178014125,0.8206818909838569,0.6531249905804966,1596,2.0
Non-Hispanic Black,Has_Hypertension,PAD680,Mod_Activity,0.280751198516273,0.280751198516273,0.8206818909838569,0.6531249905804966,1596,7.0
Non-Hispanic Black,Has_Hypertension,PAD800,Vig_Activity,-0.03999668329884326,0.03999668329884326,0.8206818909838569,0.6531249905804966,1596,20.0
Non-Hispanic Black,Has_Hypertension,DR1TKCAL,Calories,0.02382218861143345,0.02382218861143345,0.8206818909838569,0.6531249905804966,1596,22.0
Non-Hispanic Black,Has_Hypertension,DR1TSODI,Sodium,0.2437008867018754,0.2437008867018754,0.8206818909838569,0.6531249905804966,1596,8.0
Non-Hispanic Black,Has_Hypertension,DR1TCARB,Carbs,-0.42493815133331175,0.42493815133331175,0.8206818909838569,0.6531249905804966,1596,4.0
Non-Hispanic Black,Has_Hypertension,DR1TTFAT,Fat,-0.02981782818823138,0.02981782818823138,0.8206818909838569,0.6531249905804966,1596,21.0
Non-Hispanic Black,Has_Hypertension,DR1TSFAT,Sat_Fat,-0.13281250165532563,0.13281250165532563,0.8206818909838569,0.6531249905804966,1596,13.0
Non-Hispanic Black,Has_Hypertension,DR1TSUGR,Sugar,0.2172588414936144,0.2172588414936144,0.8206818909838569,0.6531249905804966,1596,9.0
Non-Hispanic Black,Has_Hypertension,DR1TFIBE,Fiber,0.11841983060746304,0.11841983060746304,0.8206818909838569,0.6531249905804966,1596,14.0
Non-Hispanic Black,Has_Hypertension,DR1TPROT,Protein,0.04190356733964031,0.04190356733964031,0.8206818909838569,0.6531249905804966,1596,19.0
Non-Hispanic Black,Has_Hypertension,SMQ020,Ever_Smoked,-0.5609708609099834,0.5609708609099834,0.8206818909838569,0.6531249905804966,1596,3.0
Non-Hispanic Black,Has_Hypertension,SMQ040,Smoke_Freq,0.09395892368085053,0.09395892368085053,0.8206818909838569,0.6531249905804966,1596,15.0
Non-Hispanic Black,Has_Hypertension,ALQ121,Alc_Freq,-0.043741523151193715,0.043741523151193715,0.8206818909838569,0.6531249905804966,1596,18.0
Non-Hispanic Black,Has_Hypertension,ALQ130,Alc_Amt,-0.07594223976627398,0.07594223976627398,0.8206818909838569,0.6531249905804966,1596,16.0
Non-Hispanic Black,Has_Hypertension,LBXGH,HbA1c,0.3859388342762643,0.3859388342762643,0.8206818909838569,0.6531249905804966,1596,5.0
Non-Hispanic Black,Has_Hypertension,LBXTC,Cholesterol,-0.07435650788177921,0.07435650788177921,0.8206818909838569,0.6531249905804966,1596,17.0
Non-Hispanic Black,Has_Hypertension,LBDHDD,HDL,0.1632232825338509,0.1632232825338509,0.8206818909838569,0.6531249905804966,1596,11.0
Non-Hispanic Black,Has_Hypertension,BPXOSY1,Sys_BP,0.9482979244765565,0.9482979244765565,0.8206818909838569,0.6531249905804966,1596,1.0
Non-Hispanic Black,Has_Hypertension,BPXODI1,Dia_BP,-0.21506898721318285,0.21506898721318285,0.8206818909838569,0.6531249905804966,1596,10.0
Non-Hispanic White,Has_Hypertension,RIAGENDR,Gender,0.012586526222968599,0.012586526222968599,0.7969956047848276,0.5987484098024841,6210,21.0
Non-Hispanic White,Has_Hypertension,INDFMPIR,Income_Ratio,0.013708637018539636,0.013708637018539636,0.7969956047848276,0.5987484098024841,6210,20.0
Non-Hispanic White,Has_Hypertension,BMXBMI,BMI,0.6539173486456009,0.6539173486456009,0.7969956047848276,0.5987484098024841,6210,2.0
Non-Hispanic White,Has_Hypertension,PAD680,Mod_Activity,0.11054333401672907,0.11054333401672907,0.7969956047848276,0.5987484098024841,6210,11.0
Non-Hispanic White,Has_Hypertension,PAD800,Vig_Activity,-0.032097038217920475,0.032097038217920475,0.7969956047848276,0.5987484098024841,6210,18.0
Non-Hispanic White,Has_Hypertension,DR1TKCAL,Calories,0.46333971755158776,0.46333971755158776,0.7969956047848276,0.5987484098024841,6210,3.0
Non-Hispanic White,Has_Hypertension,DR1TSODI,Sodium,-0.03318196641776405,0.03318196641776405,0.7969956047848276,0.5987484098024841,6210,17.0
Non-Hispanic White,Has_Hypertension,DR1TCARB,Carbs,-0.39872732840415964,0.39872732840415964,0.7969956047848276,0.5987484098024841,6210,6.0
Non-Hispanic White,Has_Hypertension,DR1TTFAT,Fat,-0.1313876570702704,0.1313876570702704,0.7969956047848276,0.5987484098024841,6210,10.0
Non-Hispanic White,Has_Hypertension,DR1TSFAT,Sat_Fat,0.02004215015490573,0.02004215015490573,0.7969956047848276,0.5987484098024841,6210,19.0
Non-Hispanic White,Has_Hypertension,DR1TSUGR,Sugar,0.09847419557627106,0.09847419557627106,0.7969956047848276,0.5987484098024841,6210,12.0
Non-Hispanic White,Has_Hypertension,DR1TFIBE,Fiber,-0.045156551509983364,0.045156551509983364,0.7969956047848276,0.5987484098024841,6210,15.0
Non-Hispanic White,Has_Hypertension,DR1TPROT,Protein,-0.15507471327765,0.15507471327765,0.7969956047848276,0.5987484098024841,6210,9.0
Non-Hispanic White,Has_Hypertension,SMQ020,Ever_Smoked,-0.4426474134039572,0.4426474134039572,0.7969956047848276,0.5987484098024841,6210,4.0
Non-Hispanic White,Has_Hypertension,SMQ040,Smoke_Freq,0.06979525822230317,0.06979525822230317,0.7969956047848276,0.5987484098024841,6210,14.0
Non-Hispanic White,Has_Hypertension,ALQ121,Alc_Freq,-0.0338258335960565,0.0338258335960565,0.7969956047848276,0.5987484098024841,6210,16.0
Non-Hispanic White,Has_Hypertension,ALQ130,Alc_Amt,-0.006219179941642147,0.006219179941642147,0.7969956047848276,0.5987484098024841,6210,22.0
Non-Hispanic White,Has_Hypertension,LBXGH,HbA1c,0.40995693266805705,0.40995693266805705,0.7969956047848276,0.5987484098024841,6210,5.0
Non-Hispanic White,Has_Hypertension,LBXTC,Cholesterol,-0.2021975435567012,0.2021975435567012,0.7969956047848276,0.5987484098024841,6210,8.0
Non-Hispanic White,Has_Hypertension,LBDHDD,HDL,0.08137782533584895,0.08137782533584895,0.7969956047848276,0.5987484098024841,6210,13.0
Non-Hispanic White,Has_Hypertension,BPXOSY1,Sys_BP,0.8267466918212906,0.8267466918212906,0.7969956047848276,0.5987484098024841,6210,1.0
Non-Hispanic White,Has_Hypertension,BPXODI1,Dia_BP,-0.2077924892162866,0.2077924892162866,0.7969956047848276,0.5987484098024841,6210,7.0
Other Hispanic,Has_Hypertension,RIAGENDR,Gender,0.16096316048401732,0.16096316048401732,0.8524495520644428,0.5818343248580415,1373,12.0
Other Hispanic,Has_Hypertension,INDFMPIR,Income_Ratio,-0.08900369479964172,0.08900369479964172,0.8524495520644428,0.5818343248580415,1373,15.0
Other Hispanic,Has_Hypertension,BMXBMI,BMI,0.6328726683449353,0.6328726683449353,0.8524495520644428,0.5818343248580415,1373,3.0
Other Hispanic,Has_Hypertension,PAD680,Mod_Activity,0.35750331317087647,0.35750331317087647,0.8524495520644428,0.5818343248580415,1373,6.0
Other Hispanic,Has_Hypertension,PAD800,Vig_Activity,0.06425238050371429,0.06425238050371429,0.8524495520644428,0.5818343248580415,1373,18.0
Other Hispanic,Has_Hypertension,DR1TKCAL,Calories,-0.4835649437676715,0.4835649437676715,0.8524495520644428,0.5818343248580415,1373,4.0
Other Hispanic,Has_Hypertension,DR1TSODI,Sodium,-0.026506098886765528,0.026506098886765528,0.8524495520644428,0.5818343248580415,1373,22.0
Other Hispanic,Has_Hypertension,DR1TCARB,Carbs,0.11620391582967247,0.11620391582967247,0.8524495520644428,0.5818343248580415,1373,13.0
Other Hispanic,Has_Hypertension,DR1TTFAT,Fat,-0.16409709056869312,0.16409709056869312,0.8524495520644428,0.5818343248580415,1373,11.0
Other Hispanic,Has_Hypertension,DR1TSFAT,Sat_Fat,0.20449841144625813,0.20449841144625813,0.8524495520644428,0.5818343248580415,1373,9.0
Other Hispanic,Has_Hypertension,DR1TSUGR,Sugar,-0.05327799624718925,0.05327799624718925,0.8524495520644428,0.5818343248580415,1373,19.0
Other Hispanic,Has_Hypertension,DR1TFIBE,Fiber,0.06634348294526612,0.06634348294526612,0.8524495520644428,0.5818343248580415,1373,16.0
Other Hispanic,Has_Hypertension,DR1TPROT,Protein,0.1830133154481787,0.1830133154481787,0.8524495520644428,0.5818343248580415,1373,10.0
Other Hispanic,Has_Hypertension,SMQ020,Ever_Smoked,-0.6849647456455954,0.6849647456455954,0.8524495520644428,0.5818343248580415,1373,2.0
Other Hispanic,Has_Hypertension,SMQ040,Smoke_Freq,0.11199664573277658,0.11199664573277658,0.8524495520644428,0.5818343248580415,1373,14.0
Other Hispanic,Has_Hypertension,ALQ121,Alc_Freq,-0.21660965136321297,0.21660965136321297,0.8524495520644428,0.5818343248580415,1373,8.0
Other Hispanic,Has_Hypertension,ALQ130,Alc_Amt,-0.35124505111916476,0.35124505111916476,0.8524495520644428,0.5818343248580415,1373,7.0
Other Hispanic,Has_Hypertension,LBXGH,HbA1c,0.40330129978134566,0.40330129978134566,0.8524495520644428,0.5818343248580415,1373,5.0
Other Hispanic,Has_Hypertension,LBXTC,Cholesterol,0.06623748750417975,0.06623748750417975,0.8524495520644428,0.5818343248580415,1373,17.0
Other Hispanic,Has_Hypertension,LBDHDD,HDL,0.03325385457516053,0.03325385457516053,0.8524495520644428,0.5818343248580415,1373,21.0
Other Hispanic,Has_Hypertension,BPXOSY1,Sys_BP,0.854946978567292,0.854946978567292,0.8524495520644428,0.5818343248580415,1373,1.0
Other Hispanic,Has_Hypertension,BPXODI1,Dia_BP,-0.03470547864123606,0.03470547864123606,0.8524495520644428,0.5818343248580415,1373,20.0
Other/Multi-racial,Has_Hypertension,RIAGENDR,Gender,0.14994010110792635,0.14994010110792635,0.8105163098558078,0.5307232274816617,946,17.0
Other/Multi-racial,Has_Hypertension,INDFMPIR,Income_Ratio,-0.15726051688812903,0.15726051688812903,0.8105163098558078,0.5307232274816617,946,16.0
Other/Multi-racial,Has_Hypertension,BMXBMI,BMI,0.7113269663240134,0.7113269663240134,0.8105163098558078,0.5307232274816617,946,2.0
Other/Multi-racial,Has_Hypertension,PAD680,Mod_Activity,0.023593745830678865,0.023593745830678865,0.8105163098558078,0.5307232274816617,946,21.0
Other/Multi-racial,Has_Hypertension,PAD800,Vig_Activity,0.16259401173251595,0.16259401173251595,0.8105163098558078,0.5307232274816617,946,15.0
Other/Multi-racial,Has_Hypertension,DR1TKCAL,Calories,0.21775973016444336,0.21775973016444336,0.8105163098558078,0.5307232274816617,946,14.0
Other/Multi-racial,Has_Hypertension,DR1TSODI,Sodium,0.268702254469945,0.268702254469945,0.8105163098558078,0.5307232274816617,946,11.0
Other/Multi-racial,Has_Hypertension,DR1TCARB,Carbs,-0.39322693637917516,0.39322693637917516,0.8105163098558078,0.5307232274816617,946,6.0
Other/Multi-racial,Has_Hypertension,DR1TTFAT,Fat,-0.4170781933888734,0.4170781933888734,0.8105163098558078,0.5307232274816617,946,5.0
Other/Multi-racial,Has_Hypertension,DR1TSFAT,Sat_Fat,0.29152537637757087,0.29152537637757087,0.8105163098558078,0.5307232274816617,946,8.0
Other/Multi-racial,Has_Hypertension,DR1TSUGR,Sugar,0.08604704785893062,0.08604704785893062,0.8105163098558078,0.5307232274816617,946,20.0
Other/Multi-racial,Has_Hypertension,DR1TFIBE,Fiber,0.27408952442907686,0.27408952442907686,0.8105163098558078,0.5307232274816617,946,10.0
Other/Multi-racial,Has_Hypertension,DR1TPROT,Protein,-0.23162008571600223,0.23162008571600223,0.8105163098558078,0.5307232274816617,946,13.0
Other/Multi-racial,Has_Hypertension,SMQ020,Ever_Smoked,0.45130979375496505,0.45130979375496505,0.8105163098558078,0.5307232274816617,946,4.0
Other/Multi-racial,Has_Hypertension,SMQ040,Smoke_Freq,-0.24852788267605666,0.24852788267605666,0.8105163098558078,0.5307232274816617,946,12.0
Other/Multi-racial,Has_Hypertension,ALQ121,Alc_Freq,-0.31352716910213513,0.31352716910213513,0.8105163098558078,0.5307232274816617,946,7.0
Other/Multi-racial,Has_Hypertension,ALQ130,Alc_Amt,-0.2796869423504591,0.2796869423504591,0.8105163098558078,0.5307232274816617,946,9.0
Other/Multi-racial,Has_Hypertension,LBXGH,HbA1c,0.5463863266826691,0.5463863266826691,0.8105163098558078,0.5307232274816617,946,3.0
Other/Multi-racial,Has_Hypertension,LBXTC,Cholesterol,0.09441754914769498,0.09441754914769498,0.8105163098558078,0.5307232274816617,946,19.0
Other/Multi-racial,Has_Hypertension,LBDHDD,HDL,-0.1055968388189842,0.1055968388189842,0.8105163098558078,0.5307232274816617,946,18.0
Other/Multi-racial,Has_Hypertension,BPXOSY1,Sys_BP,0.7871153571513243,0.7871153571513243,0.8105163098558078,0.5307232274816617,946,1.0
Other/Multi-racial,Has_Hypertension,BPXODI1,Dia_BP,-0.016494811558827323,0.016494811558827323,0.8105163098558078,0.5307232274816617,946,22.0
