Feature,Importance,Importance_Normalized,Rank,Target,Model
LBXGH,0.34082296,0.34082296,1,Has_Diabetes,XGBoost
RIDAGEYR,0.08412044,0.08412044,2,Has_Diabetes,XGBoost
LBXTC,0.06358765,0.06358765,3,Has_Diabetes,XGBoost
BMXBMI,0.031649448,0.031649448,4,Has_Diabetes,XGBoost
DR1TTFAT,0.030929836,0.030929836,5,Has_Diabetes,XGBoost
DR1TSFAT,0.030560607,0.030560607,6,Has_Diabetes,XGBoost
BPXODI1,0.029225169,0.029225169,7,Has_Diabetes,XGBoost
DR1TSUGR,0.02668331,0.02668331,8,Has_Diabetes,XGBoost
DR1TCARB,0.026517529,0.026517529,9,Has_Diabetes,XGBoost
PAD680,0.025386008,0.025386008,10,Has_Diabetes,XGBoost
DR1TFIBE,0.025302637,0.025302637,11,Has_Diabetes,XGBoost
RIDRETH3,0.025167694,0.025167694,12,Has_Diabetes,XGBoost
ALQ121,0.024987664,0.024987664,13,Has_Diabetes,XGBoost
ALQ130,0.024701448,0.024701448,14,Has_Diabetes,XGBoost
LBDHDD,0.024444062,0.024444062,15,Has_Diabetes,XGBoost
INDFMPIR,0.024071433,0.024071433,16,Has_Diabetes,XGBoost
PAD800,0.023383914,0.023383914,17,Has_Diabetes,XGBoost
DR1TPROT,0.022432808,0.022432808,18,Has_Diabetes,XGBoost
SMQ040,0.021659374,0.021659374,19,Has_Diabetes,XGBoost
BPXOSY1,0.021488208,0.021488208,20,Has_Diabetes,XGBoost
DR1TKCAL,0.020950014,0.020950014,21,Has_Diabetes,XGBoost
DR1TSODI,0.020052413,0.020052413,22,Has_Diabetes,XGBoost
RIAGENDR,0.018162383,0.018162383,23,Has_Diabetes,XGBoost
SMQ020,0.013713006,0.013713006,24,Has_Diabetes,XGBoost
RIDAGEYR,0.3102299,0.3102299,1,Has_Hypertension,XGBoost
BPXOSY1,0.04679207,0.04679207,2,Has_Hypertension,XGBoost
BMXBMI,0.039573472,0.039573472,3,Has_Hypertension,XGBoost
LBXTC,0.037986998,0.037986998,4,Has_Hypertension,XGBoost
LBXGH,0.035324566,0.035324566,5,Has_Hypertension,XGBoost
RIDRETH3,0.033919394,0.033919394,6,Has_Hypertension,XGBoost
BPXODI1,0.03299804,0.03299804,7,Has_Hypertension,XGBoost
DR1TFIBE,0.030873451,0.030873451,8,Has_Hypertension,XGBoost
RIAGENDR,0.029708518,0.029708518,9,Has_Hypertension,XGBoost
PAD680,0.029100388,0.029100388,10,Has_Hypertension,XGBoost
INDFMPIR,0.028921701,0.028921701,11,Has_Hypertension,XGBoost
DR1TCARB,0.02852676,0.02852676,12,Has_Hypertension,XGBoost
DR1TKCAL,0.028444385,0.028444385,13,Has_Hypertension,XGBoost
PAD800,0.02824925,0.02824925,14,Has_Hypertension,XGBoost
SMQ040,0.02740348,0.02740348,15,Has_Hypertension,XGBoost
DR1TPROT,0.0268765,0.0268765,16,Has_Hypertension,XGBoost
ALQ130,0.026674474,0.026674474,17,Has_Hypertension,XGBoost
ALQ121,0.026243193,0.026243193,18,Has_Hypertension,XGBoost
SMQ020,0.026237203,0.026237203,19,Has_Hypertension,XGBoost
LBDHDD,0.025624892,0.025624892,20,Has_Hypertension,XGBoost
DR1TSODI,0.025274867,0.025274867,21,Has_Hypertension,XGBoost
DR1TSUGR,0.025204306,0.025204306,22,Has_Hypertension,XGBoost
DR1TTFAT,0.025179693,0.025179693,23,Has_Hypertension,XGBoost
DR1TSFAT,0.024632545,0.024632545,24,Has_Hypertension,XGBoost
LBXGH,0.3320356,0.33203563,1,Has_Diabetes,XGBoost
BMXBMI,0.068936124,0.06893613,2,Has_Diabetes,XGBoost
SMQ020,0.067067534,0.06706754,3,Has_Diabetes,XGBoost
PAD680,0.042166624,0.042166628,4,Has_Diabetes,XGBoost
LBXTC,0.038574304,0.03857431,5,Has_Diabetes,XGBoost
BPXODI1,0.031316485,0.03131649,6,Has_Diabetes,XGBoost
BPXOSY1,0.030754432,0.030754436,7,Has_Diabetes,XGBoost
LBDHDD,0.028662058,0.028662061,8,Has_Diabetes,XGBoost
PAD800,0.028463533,0.028463537,9,Has_Diabetes,XGBoost
DR1TSODI,0.02715874,0.027158745,10,Has_Diabetes,XGBoost
DR1TCARB,0.02631145,0.026311453,11,Has_Diabetes,XGBoost
DR1TTFAT,0.026176635,0.026176639,12,Has_Diabetes,XGBoost
ALQ121,0.026130803,0.026130807,13,Has_Diabetes,XGBoost
DR1TSFAT,0.02574643,0.025746433,14,Has_Diabetes,XGBoost
INDFMPIR,0.025263563,0.025263567,15,Has_Diabetes,XGBoost
RIDRETH3,0.024487121,0.024487125,16,Has_Diabetes,XGBoost
ALQ130,0.024383444,0.024383448,17,Has_Diabetes,XGBoost
DR1TFIBE,0.023686623,0.023686627,18,Has_Diabetes,XGBoost
DR1TSUGR,0.021905107,0.02190511,19,Has_Diabetes,XGBoost
DR1TKCAL,0.021677846,0.021677848,20,Has_Diabetes,XGBoost
RIAGENDR,0.021244215,0.021244217,21,Has_Diabetes,XGBoost
DR1TPROT,0.019474227,0.019474229,22,Has_Diabetes,XGBoost
SMQ040,0.018377027,0.018377028,23,Has_Diabetes,XGBoost
SMQ020,0.20615211,0.20615211,1,Has_Hypertension,XGBoost
BPXOSY1,0.10895622,0.10895622,2,Has_Hypertension,XGBoost
PAD680,0.081089355,0.081089355,3,Has_Hypertension,XGBoost
BMXBMI,0.067698546,0.067698546,4,Has_Hypertension,XGBoost
LBXGH,0.06472517,0.06472517,5,Has_Hypertension,XGBoost
PAD800,0.03626925,0.03626925,6,Has_Hypertension,XGBoost
RIDRETH3,0.032151815,0.032151815,7,Has_Hypertension,XGBoost
RIAGENDR,0.031764675,0.031764675,8,Has_Hypertension,XGBoost
ALQ121,0.030859156,0.030859156,9,Has_Hypertension,XGBoost
SMQ040,0.02953103,0.02953103,10,Has_Hypertension,XGBoost
LBXTC,0.02714411,0.02714411,11,Has_Hypertension,XGBoost
DR1TTFAT,0.025293978,0.025293978,12,Has_Hypertension,XGBoost
DR1TCARB,0.024782406,0.024782406,13,Has_Hypertension,XGBoost
DR1TFIBE,0.024521831,0.024521831,14,Has_Hypertension,XGBoost
ALQ130,0.024119303,0.024119303,15,Has_Hypertension,XGBoost
INDFMPIR,0.023802947,0.023802947,16,Has_Hypertension,XGBoost
DR1TSFAT,0.023594704,0.023594704,17,Has_Hypertension,XGBoost
DR1TSODI,0.023583433,0.023583433,18,Has_Hypertension,XGBoost
BPXODI1,0.023545356,0.023545356,19,Has_Hypertension,XGBoost
DR1TKCAL,0.023439627,0.023439627,20,Has_Hypertension,XGBoost
DR1TPROT,0.022601446,0.022601446,21,Has_Hypertension,XGBoost
LBDHDD,0.022525458,0.022525458,22,Has_Hypertension,XGBoost
DR1TSUGR,0.021848105,0.021848105,23,Has_Hypertension,XGBoost
