Race,Target,Feature,LR_Mean_Rank,LR_Std_Rank,RF_Mean_Rank,RF_Std_Rank,Rank_Diff,LR_Top_3_Freq,RF_Top_3_Freq
Mexican American,Has_Diabetes,Income_Ratio,20.2,1.4000000000000001,3.1,0.3,17.099999999999998,0.0,0.9
Mexican American,Has_Diabetes,Sat_Fat,3.6,1.3564659966250536,16.7,1.791647286716892,13.1,0.6,0.0
Mexican American,Has_Diabetes,Fat,3.5,2.4596747752497685,15.7,1.9519221295943137,12.2,0.8,0.0
Mexican American,Has_Diabetes,Vig_Activity,17.6,2.1071307505705477,5.9,0.3,11.700000000000001,0.0,0.0
Mexican American,Has_Diabetes,Mod_Activity,13.1,1.1357816691600546,2.0,0.0,11.1,0.0,1.0
Mexican American,Has_Diabetes,BMI,13.1,1.0440306508910548,4.6,0.66332495807108,8.5,0.0,0.0
Mexican American,Has_Diabetes,Gender,4.6,1.9078784028338913,12.8,2.85657137141714,8.200000000000001,0.3,0.0
Mexican American,Has_Diabetes,HDL,17.9,2.2561028345356955,9.8,1.469693845669907,8.099999999999998,0.0,0.0
Mexican American,Has_Diabetes,Sodium,7.3,2.8301943396169813,15.2,1.9390719429665317,7.8999999999999995,0.1,0.0
Mexican American,Has_Diabetes,Carbs,19.4,1.562049935181331,11.6,0.9165151389911681,7.799999999999999,0.0,0.0
Mexican American,Has_Diabetes,Alc_Amt,15.0,2.8284271247461903,21.8,0.39999999999999997,6.800000000000001,0.0,0.0
Mexican American,Has_Diabetes,Calories,10.7,4.8999999999999995,16.8,2.2715633383201093,6.100000000000001,0.1,0.0
Mexican American,Has_Diabetes,Fiber,11.4,1.9078784028338915,16.7,2.0024984394500787,5.299999999999999,0.0,0.0
Mexican American,Has_Diabetes,Ever_Smoked,7.2,3.5156791662493894,11.0,2.8635642126552705,3.8,0.1,0.0
Mexican American,Has_Diabetes,Sugar,8.3,2.1,10.6,1.1135528725660044,2.299999999999999,0.0,0.0
Mexican American,Has_Diabetes,Sys_BP,6.6,1.9595917942265424,4.4,0.66332495807108,2.1999999999999993,0.0,0.1
Mexican American,Has_Diabetes,Dia_BP,9.8,1.7776388834631178,7.9,1.2206555615733703,1.9000000000000004,0.0,0.0
Mexican American,Has_Diabetes,Cholesterol,6.6,1.2806248474865698,7.9,0.8306623862918073,1.3000000000000007,0.0,0.0
Mexican American,Has_Diabetes,Protein,17.9,2.0223748416156684,18.9,1.3,1.0,0.0,0.0
Mexican American,Has_Diabetes,Smoke_Freq,20.7,1.9519221295943137,21.2,0.39999999999999997,0.5,0.0,0.0
Mexican American,Has_Diabetes,Alc_Freq,17.5,1.8027756377319946,17.4,2.1071307505705477,0.10000000000000142,0.0,0.0
Mexican American,Has_Diabetes,HbA1c,1.0,0.0,1.0,0.0,0.0,1.0,1.0
Mexican American,Has_Diabetes,Race,23.0,0.0,23.0,0.0,0.0,0.0,0.0
Mexican American,Has_Hypertension,Calories,1.1,0.3,17.1,1.57797338380595,16.0,1.0,0.0
Mexican American,Has_Hypertension,Vig_Activity,18.2,6.4156059729381765,6.0,0.6324555320336759,12.2,0.0,0.0
Mexican American,Has_Hypertension,Mod_Activity,13.2,2.315167380558045,1.1,0.3,12.1,0.0,1.0
Mexican American,Has_Hypertension,Fat,3.6,1.4966629547095764,14.9,2.7367864366808017,11.3,0.5,0.0
Mexican American,Has_Hypertension,Dia_BP,17.0,2.932575659723036,6.6,0.66332495807108,10.4,0.0,0.0
Mexican American,Has_Hypertension,Sodium,5.2,0.8717797887081347,15.6,2.3323807579381204,10.399999999999999,0.0,0.0
Mexican American,Has_Hypertension,Alc_Amt,11.1,5.412023651093923,20.8,0.7483314773547883,9.700000000000001,0.0,0.0
Mexican American,Has_Hypertension,Income_Ratio,13.0,3.1937438845342623,3.8,0.9797958971132712,9.2,0.0,0.5
Mexican American,Has_Hypertension,HDL,18.7,1.9000000000000001,9.7,0.9000000000000001,9.0,0.0,0.0
Mexican American,Has_Hypertension,Ever_Smoked,6.1,0.8306623862918076,10.7,1.6155494421403511,4.6,0.0,0.0
Mexican American,Has_Hypertension,Cholesterol,11.8,3.340658617698013,8.1,0.3,3.700000000000001,0.0,0.0
Mexican American,Has_Hypertension,HbA1c,8.1,2.0223748416156684,4.4,1.42828568570857,3.6999999999999993,0.0,0.3
Mexican American,Has_Hypertension,Fiber,11.4,2.8705400188814645,14.4,1.9595917942265424,3.0,0.0,0.0
Mexican American,Has_Hypertension,Sat_Fat,12.9,3.8845849199110063,15.9,1.8681541692269403,3.0,0.0,0.0
Mexican American,Has_Hypertension,Smoke_Freq,19.3,1.676305461424021,21.9,0.3,2.599999999999998,0.0,0.0
Mexican American,Has_Hypertension,Alc_Freq,18.0,2.449489742783178,20.0,0.4472135954999579,2.0,0.0,0.0
Mexican American,Has_Hypertension,Sugar,12.1,3.176476034853718,10.3,0.9,1.799999999999999,0.0,0.0
Mexican American,Has_Hypertension,Carbs,14.4,3.52703841770968,12.7,1.2688577540449522,1.700000000000001,0.0,0.0
Mexican American,Has_Hypertension,Protein,13.8,3.249615361854384,14.5,1.5,0.6999999999999993,0.0,0.0
Mexican American,Has_Hypertension,BMI,3.5,0.6708203932499369,4.0,0.8944271909999159,0.5,0.6,0.2
Mexican American,Has_Hypertension,Sys_BP,2.3,0.7810249675906654,2.1,0.5385164807134505,0.19999999999999973,0.9,1.0
Mexican American,Has_Hypertension,Gender,18.2,2.4413111231467406,18.4,1.624807680927192,0.1999999999999993,0.0,0.0
Mexican American,Has_Hypertension,Race,23.0,0.0,23.0,0.0,0.0,0.0,0.0
Non-Hispanic Asian,Has_Diabetes,Calories,7.6,5.102940328869229,17.5,2.0615528128088303,9.9,0.4,0.0
Non-Hispanic Asian,Has_Diabetes,Smoke_Freq,11.7,2.5317977802344327,21.1,0.7,9.400000000000002,0.0,0.0
Non-Hispanic Asian,Has_Diabetes,Mod_Activity,11.3,3.7696153649941526,2.6,0.66332495807108,8.700000000000001,0.0,0.9
Non-Hispanic Asian,Has_Diabetes,Vig_Activity,13.8,1.7204650534085253,5.6,0.7999999999999999,8.200000000000001,0.0,0.0
Non-Hispanic Asian,Has_Diabetes,Income_Ratio,12.0,4.538722287164087,5.1,0.9433981132056604,6.9,0.0,0.0
Non-Hispanic Asian,Has_Diabetes,HDL,16.9,4.3920382511995495,10.1,0.7000000000000001,6.799999999999999,0.0,0.0
Non-Hispanic Asian,Has_Diabetes,Fiber,4.4,1.0198039027185568,10.8,1.16619037896906,6.4,0.1,0.0
Non-Hispanic Asian,Has_Diabetes,Gender,18.4,3.8781438859330635,12.0,1.3416407864998738,6.399999999999999,0.0,0.0
Non-Hispanic Asian,Has_Diabetes,Alc_Amt,15.6,1.42828568570857,21.7,0.45825756949558394,6.1,0.0,0.0
Non-Hispanic Asian,Has_Diabetes,Fat,11.9,2.947880594596735,16.8,1.4696938456699067,4.9,0.0,0.0
Non-Hispanic Asian,Has_Diabetes,Sat_Fat,12.7,4.94064773081425,17.2,2.4,4.5,0.0,0.0
Non-Hispanic Asian,Has_Diabetes,Dia_BP,4.0,1.2649110640673518,8.2,0.8717797887081348,4.199999999999999,0.5,0.0
Non-Hispanic Asian,Has_Diabetes,Sodium,17.8,2.6381811916545836,14.6,2.009975124224178,3.200000000000001,0.0,0.0
Non-Hispanic Asian,Has_Diabetes,Protein,16.2,4.915282290977803,14.9,1.9209372712298547,1.299999999999999,0.0,0.0
Non-Hispanic Asian,Has_Diabetes,Sugar,16.7,3.6891733491393435,15.6,2.4166091947189146,1.0999999999999996,0.0,0.0
Non-Hispanic Asian,Has_Diabetes,Ever_Smoked,10.0,4.8373546489791295,9.0,1.8973665961010275,1.0,0.0,0.0
Non-Hispanic Asian,Has_Diabetes,Alc_Freq,18.9,2.808914381037628,18.0,2.6076809620810595,0.8999999999999986,0.0,0.0
Non-Hispanic Asian,Has_Diabetes,BMI,5.2,1.1661903789690602,4.4,0.66332495807108,0.7999999999999998,0.1,0.1
Non-Hispanic Asian,Has_Diabetes,Cholesterol,7.9,2.211334438749598,7.4,1.0198039027185568,0.5,0.0,0.0
Non-Hispanic Asian,Has_Diabetes,Sys_BP,2.0,0.7745966692414834,2.5,0.5,0.5,0.9,1.0
Non-Hispanic Asian,Has_Diabetes,HbA1c,1.2,0.4,1.0,0.0,0.19999999999999996,1.0,1.0
Non-Hispanic Asian,Has_Diabetes,Carbs,16.8,3.8157568056677826,16.9,2.2561028345356955,0.09999999999999787,0.0,0.0
Non-Hispanic Asian,Has_Diabetes,Race,23.0,0.0,23.0,0.0,0.0,0.0,0.0
Non-Hispanic Asian,Has_Hypertension,Calories,3.1,1.3747727084867523,14.4,2.4576411454889016,11.3,0.7,0.0
Non-Hispanic Asian,Has_Hypertension,HDL,19.6,2.244994432064365,9.3,0.45825756949558394,10.3,0.0,0.0
Non-Hispanic Asian,Has_Hypertension,Alc_Amt,11.4,4.2708313008125245,21.6,0.4898979485566356,10.200000000000001,0.0,0.0
Non-Hispanic Asian,Has_Hypertension,Income_Ratio,15.3,4.6701177715342475,5.6,0.4898979485566356,9.700000000000001,0.0,0.0
Non-Hispanic Asian,Has_Hypertension,Mod_Activity,11.8,4.331281565541543,2.1,0.3,9.700000000000001,0.1,1.0
Non-Hispanic Asian,Has_Hypertension,Ever_Smoked,18.9,3.477067730142742,9.7,0.45825756949558394,9.2,0.0,0.0
Non-Hispanic Asian,Has_Hypertension,Carbs,3.9,0.8306623862918074,12.7,1.3453624047073711,8.799999999999999,0.4,0.0
Non-Hispanic Asian,Has_Hypertension,Dia_BP,13.2,2.2271057451320084,5.4,0.4898979485566356,7.799999999999999,0.0,0.0
Non-Hispanic Asian,Has_Hypertension,Smoke_Freq,14.5,2.9748949561287032,21.4,0.4898979485566356,6.899999999999999,0.0,0.0
Non-Hispanic Asian,Has_Hypertension,Sodium,11.3,3.6891733491393435,17.6,2.4576411454889016,6.300000000000001,0.0,0.0
Non-Hispanic Asian,Has_Hypertension,Cholesterol,14.0,3.4641016151377544,7.9,0.3,6.1,0.0,0.0
Non-Hispanic Asian,Has_Hypertension,Fat,12.2,6.04648658313239,17.0,1.7888543819998317,4.800000000000001,0.0,0.0
Non-Hispanic Asian,Has_Hypertension,Gender,12.4,3.261901286060018,16.8,1.8867962264113207,4.4,0.0,0.0
Non-Hispanic Asian,Has_Hypertension,Sat_Fat,9.1,4.3920382511995495,13.4,2.8000000000000003,4.300000000000001,0.0,0.0
Non-Hispanic Asian,Has_Hypertension,Vig_Activity,9.7,3.1638584039112754,7.1,0.3,2.5999999999999996,0.0,0.0
Non-Hispanic Asian,Has_Hypertension,HbA1c,5.4,0.9165151389911681,3.0,0.4472135954999579,2.4000000000000004,0.0,0.9
Non-Hispanic Asian,Has_Hypertension,Fiber,17.2,4.019950248448357,15.4,1.9078784028338913,1.799999999999999,0.0,0.0
Non-Hispanic Asian,Has_Hypertension,BMI,2.8,0.7483314773547882,3.9,0.3,1.1,0.8,0.1
Non-Hispanic Asian,Has_Hypertension,Protein,14.6,4.608687448721165,15.7,2.0024984394500787,1.0999999999999996,0.0,0.0
Non-Hispanic Asian,Has_Hypertension,Sugar,11.9,4.867237409455183,12.9,1.8138357147217055,1.0,0.0,0.0
Non-Hispanic Asian,Has_Hypertension,Alc_Freq,19.7,2.0518284528683193,19.1,1.2206555615733703,0.5999999999999979,0.0,0.0
Non-Hispanic Asian,Has_Hypertension,Race,23.0,0.0,23.0,0.0,0.0,0.0,0.0
Non-Hispanic Asian,Has_Hypertension,Sys_BP,1.0,0.0,1.0,0.0,0.0,1.0,1.0
Non-Hispanic Black,Has_Diabetes,Mod_Activity,20.2,1.9899748742132397,2.0,0.0,18.2,0.0,1.0
Non-Hispanic Black,Has_Diabetes,Income_Ratio,14.7,4.561797891182818,3.0,0.0,11.7,0.0,1.0
Non-Hispanic Black,Has_Diabetes,Gender,8.3,2.051828452868319,19.5,1.6881943016134133,11.2,0.0,0.0
Non-Hispanic Black,Has_Diabetes,Vig_Activity,16.2,1.661324772583615,5.7,0.45825756949558405,10.5,0.0,0.0
Non-Hispanic Black,Has_Diabetes,Cholesterol,17.7,3.2878564445547194,9.3,1.1,8.399999999999999,0.0,0.0
Non-Hispanic Black,Has_Diabetes,Protein,8.8,2.2271057451320084,16.4,2.90516780926679,7.599999999999998,0.0,0.0
Non-Hispanic Black,Has_Diabetes,Sugar,4.7,2.147091055358389,12.1,0.3,7.3999999999999995,0.4,0.0
Non-Hispanic Black,Has_Diabetes,HDL,17.3,3.8483762809787714,10.6,0.66332495807108,6.700000000000001,0.0,0.0
Non-Hispanic Black,Has_Diabetes,Alc_Freq,10.9,2.5865034312755126,17.2,1.8867962264113207,6.299999999999999,0.0,0.0
Non-Hispanic Black,Has_Diabetes,Alc_Amt,16.2,4.331281565541543,22.0,0.0,5.800000000000001,0.0,0.0
Non-Hispanic Black,Has_Diabetes,Ever_Smoked,2.1,0.3,7.2,1.7204650534085253,5.1,1.0,0.0
Non-Hispanic Black,Has_Diabetes,Sat_Fat,11.4,3.7202150475476548,16.5,2.29128784747792,5.1,0.0,0.0
Non-Hispanic Black,Has_Diabetes,Smoke_Freq,13.3,3.4942810419312296,9.1,1.044030650891055,4.200000000000001,0.0,0.0
Non-Hispanic Black,Has_Diabetes,Calories,13.4,2.3323807579381204,17.4,2.4979991993593593,3.9999999999999982,0.0,0.0
Non-Hispanic Black,Has_Diabetes,Fat,14.2,3.1874754901018454,18.0,2.1908902300206643,3.8000000000000007,0.0,0.0
Non-Hispanic Black,Has_Diabetes,Carbs,11.4,5.351635264103861,15.0,2.0976176963403033,3.5999999999999996,0.0,0.0
Non-Hispanic Black,Has_Diabetes,Dia_BP,4.9,0.8306623862918076,8.4,0.7999999999999999,3.5,0.0,0.0
Non-Hispanic Black,Has_Diabetes,BMI,6.5,1.746424919657298,4.4,0.66332495807108,2.0999999999999996,0.0,0.0
Non-Hispanic Black,Has_Diabetes,Sodium,17.1,3.4481879299133333,15.3,2.2825424421026654,1.8000000000000007,0.0,0.0
Non-Hispanic Black,Has_Diabetes,Sys_BP,3.5,1.02469507659596,5.3,1.004987562112089,1.7999999999999998,0.6,0.0
Non-Hispanic Black,Has_Diabetes,Fiber,19.2,1.9390719429665315,17.6,2.1999999999999997,1.5999999999999979,0.0,0.0
Non-Hispanic Black,Has_Diabetes,HbA1c,1.0,0.0,1.0,0.0,0.0,1.0,1.0
Non-Hispanic Black,Has_Diabetes,Race,23.0,0.0,23.0,0.0,0.0,0.0,0.0
Non-Hispanic Black,Has_Hypertension,Vig_Activity,20.7,2.4103941586387903,5.2,0.7483314773547882,15.5,0.0,0.0
Non-Hispanic Black,Has_Hypertension,Gender,7.5,1.857417562100671,20.6,1.562049935181331,13.100000000000001,0.0,0.0
Non-Hispanic Black,Has_Hypertension,Sodium,8.1,1.1357816691600546,18.2,2.4413111231467406,10.1,0.0,0.0
Non-Hispanic Black,Has_Hypertension,Carbs,6.4,5.4258639865002145,16.2,2.481934729198171,9.799999999999999,0.3,0.0
Non-Hispanic Black,Has_Hypertension,Income_Ratio,12.5,2.4596747752497685,3.4,0.66332495807108,9.1,0.0,0.7
Non-Hispanic Black,Has_Hypertension,Cholesterol,17.3,2.0518284528683193,9.1,0.5385164807134504,8.200000000000001,0.0,0.0
Non-Hispanic Black,Has_Hypertension,Alc_Freq,19.0,1.8439088914585775,11.3,0.9,7.699999999999999,0.0,0.0
Non-Hispanic Black,Has_Hypertension,Sugar,8.1,2.1656407827707715,15.7,1.2688577540449522,7.6,0.0,0.0
Non-Hispanic Black,Has_Hypertension,Dia_BP,14.1,3.1764760348537187,7.0,0.0,7.1,0.0,0.0
Non-Hispanic Black,Has_Hypertension,Mod_Activity,7.8,2.1354156504062622,1.0,0.0,6.8,0.0,1.0
Non-Hispanic Black,Has_Hypertension,Ever_Smoked,2.6,0.8,8.2,0.6,5.6,0.8,0.0
Non-Hispanic Black,Has_Hypertension,Calories,12.9,6.7446274915669,17.7,1.2688577540449522,4.799999999999999,0.2,0.0
Non-Hispanic Black,Has_Hypertension,Fat,13.9,4.109744517606904,18.4,1.1135528725660042,4.499999999999998,0.0,0.0
Non-Hispanic Black,Has_Hypertension,Alc_Amt,17.4,1.7435595774162695,21.7,0.9,4.300000000000001,0.0,0.0
Non-Hispanic Black,Has_Hypertension,Protein,18.1,4.437341546466758,14.3,1.8466185312619388,3.8000000000000007,0.0,0.0
Non-Hispanic Black,Has_Hypertension,Smoke_Freq,15.2,2.0396078054371136,11.4,0.66332495807108,3.799999999999999,0.0,0.0
Non-Hispanic Black,Has_Hypertension,Fiber,12.7,2.9,14.7,1.7916472867168916,2.0,0.0,0.0
Non-Hispanic Black,Has_Hypertension,HDL,11.9,2.1656407827707715,10.0,0.6324555320336759,1.9000000000000004,0.0,0.0
Non-Hispanic Black,Has_Hypertension,BMI,3.2,0.8717797887081347,4.9,1.0440306508910548,1.7000000000000002,0.7,0.1
Non-Hispanic Black,Has_Hypertension,Sys_BP,1.0,0.0,2.0,0.0,1.0,1.0,1.0
Non-Hispanic Black,Has_Hypertension,HbA1c,5.3,0.9,4.5,1.02469507659596,0.7999999999999998,0.0,0.2
Non-Hispanic Black,Has_Hypertension,Sat_Fat,17.3,3.8742741255621036,17.5,2.1095023109728985,0.1999999999999993,0.0,0.0
Non-Hispanic Black,Has_Hypertension,Race,23.0,0.0,23.0,0.0,0.0,0.0,0.0
Non-Hispanic White,Has_Diabetes,Calories,7.7,5.780138406647371,18.7,0.45825756949558394,11.0,0.3,0.0
Non-Hispanic White,Has_Diabetes,Mod_Activity,12.3,2.3685438564654024,2.1,0.3,10.200000000000001,0.0,1.0
Non-Hispanic White,Has_Diabetes,Alc_Amt,13.1,7.993122043357026,21.8,0.4,8.700000000000001,0.3,0.0
Non-Hispanic White,Has_Diabetes,Income_Ratio,12.0,1.6733200530681511,3.9,0.3,8.1,0.0,0.1
Non-Hispanic White,Has_Diabetes,Smoke_Freq,13.9,2.5865034312755126,21.2,0.4,7.299999999999999,0.0,0.0
Non-Hispanic White,Has_Diabetes,Alc_Freq,20.5,1.8027756377319946,14.2,2.2715633383201093,6.300000000000001,0.0,0.0
Non-Hispanic White,Has_Diabetes,HDL,13.1,1.9209372712298547,7.0,0.0,6.1,0.0,0.0
Non-Hispanic White,Has_Diabetes,Ever_Smoked,4.6,1.624807680927192,9.9,0.7,5.300000000000001,0.3,0.0
Non-Hispanic White,Has_Diabetes,Sugar,6.5,1.746424919657298,11.3,1.676305461424021,4.800000000000001,0.0,0.0
Non-Hispanic White,Has_Diabetes,Sodium,19.1,2.981610303175115,14.4,2.1071307505705477,4.700000000000001,0.0,0.0
Non-Hispanic White,Has_Diabetes,Sat_Fat,18.0,1.3416407864998738,14.8,1.7776388834631178,3.1999999999999993,0.0,0.0
Non-Hispanic White,Has_Diabetes,BMI,5.2,1.16619037896906,3.0,0.4472135954999579,2.2,0.0,0.9
Non-Hispanic White,Has_Diabetes,Cholesterol,4.1,1.972308292331602,5.9,0.3,1.8000000000000007,0.6,0.0
Non-Hispanic White,Has_Diabetes,Gender,18.4,2.4166091947189146,20.0,0.0,1.6000000000000014,0.0,0.0
Non-Hispanic White,Has_Diabetes,Dia_BP,7.8,1.4000000000000001,9.4,0.6633249580710799,1.6000000000000005,0.0,0.0
Non-Hispanic White,Has_Diabetes,Carbs,15.7,4.405678154382138,14.5,2.202271554554524,1.1999999999999993,0.0,0.0
Non-Hispanic White,Has_Diabetes,Sys_BP,9.2,1.32664991614216,8.0,0.0,1.1999999999999993,0.0,0.0
Non-Hispanic White,Has_Diabetes,Vig_Activity,4.0,2.1908902300206643,5.1,0.3,1.0999999999999996,0.5,0.0
Non-Hispanic White,Has_Diabetes,Protein,15.4,3.0397368307141326,14.4,1.6852299546352716,1.0,0.0,0.0
Non-Hispanic White,Has_Diabetes,Fat,15.4,5.219195340279955,16.2,1.98997487421324,0.7999999999999989,0.0,0.0
Non-Hispanic White,Has_Diabetes,Fiber,15.7,2.6851443164195103,16.2,1.8330302779823362,0.5,0.0,0.0
Non-Hispanic White,Has_Diabetes,HbA1c,1.3,0.45825756949558405,1.0,0.0,0.30000000000000004,1.0,1.0
Non-Hispanic White,Has_Diabetes,Race,23.0,0.0,23.0,0.0,0.0,0.0,0.0
Non-Hispanic White,Has_Hypertension,Calories,3.4,0.48989794855663565,18.8,0.4,15.4,0.6,0.0
Non-Hispanic White,Has_Hypertension,Income_Ratio,18.5,1.6881943016134133,3.3,0.45825756949558405,15.2,0.0,0.7
Non-Hispanic White,Has_Hypertension,Mod_Activity,15.4,2.0099751242241783,1.2,0.4,14.200000000000001,0.0,1.0
Non-Hispanic White,Has_Hypertension,Vig_Activity,18.4,4.2708313008125245,6.0,0.0,12.399999999999999,0.0,0.0
Non-Hispanic White,Has_Hypertension,Carbs,5.5,0.6708203932499369,15.0,1.0,9.5,0.0,0.0
Non-Hispanic White,Has_Hypertension,Smoke_Freq,13.7,2.5317977802344327,22.0,0.0,8.3,0.0,0.0
Non-Hispanic White,Has_Hypertension,Fat,9.3,1.1,17.5,0.6708203932499369,8.2,0.0,0.0
Non-Hispanic White,Has_Hypertension,Fiber,16.1,3.269556544854363,11.8,1.2489995996796797,4.300000000000001,0.0,0.0
Non-Hispanic White,Has_Hypertension,Protein,9.3,1.1874342087037917,13.6,1.8547236990991407,4.299999999999999,0.0,0.0
Non-Hispanic White,Has_Hypertension,Ever_Smoked,3.8,0.7483314773547882,7.9,0.8306623862918076,4.1000000000000005,0.4,0.0
Non-Hispanic White,Has_Hypertension,HDL,12.7,1.1874342087037917,10.0,0.0,2.6999999999999993,0.0,0.0
Non-Hispanic White,Has_Hypertension,Alc_Freq,15.6,2.3748684174075834,13.0,1.8439088914585775,2.5999999999999996,0.0,0.0
Non-Hispanic White,Has_Hypertension,Sat_Fat,19.2,1.8867962264113207,16.9,1.3,2.3000000000000007,0.0,0.0
Non-Hispanic White,Has_Hypertension,BMI,2.0,0.0,3.9,0.7,1.9,1.0,0.3
Non-Hispanic White,Has_Hypertension,Sodium,16.7,2.685144316419511,15.2,1.661324772583615,1.5,0.0,0.0
Non-Hispanic White,Has_Hypertension,Alc_Amt,20.0,2.4083189157584592,21.0,0.0,1.0,0.0,0.0
Non-Hispanic White,Has_Hypertension,Gender,19.0,1.6733200530681511,20.0,0.0,1.0,0.0,0.0
Non-Hispanic White,Has_Hypertension,Cholesterol,7.5,0.5,8.4,0.8,0.9000000000000004,0.0,0.0
Non-Hispanic White,Has_Hypertension,Sugar,12.3,1.9000000000000001,13.2,1.32664991614216,0.8999999999999986,0.0,0.0
Non-Hispanic White,Has_Hypertension,Sys_BP,1.0,0.0,1.8,0.4,0.8,1.0,1.0
Non-Hispanic White,Has_Hypertension,Dia_BP,8.3,1.1874342087037917,7.7,0.6403124237432849,0.6000000000000005,0.0,0.0
Non-Hispanic White,Has_Hypertension,HbA1c,5.3,0.6403124237432849,4.8,0.39999999999999997,0.5,0.0,0.0
Non-Hispanic White,Has_Hypertension,Race,23.0,0.0,23.0,0.0,0.0,0.0,0.0
Other Hispanic,Has_Diabetes,Mod_Activity,19.0,1.0954451150103321,2.0,0.0,17.0,0.0,1.0
Other Hispanic,Has_Diabetes,Alc_Amt,6.5,5.6258332716140815,21.2,0.6,14.7,0.6,0.0
Other Hispanic,Has_Diabetes,Income_Ratio,18.2,1.7776388834631178,5.3,0.45825756949558405,12.899999999999999,0.0,0.0
Other Hispanic,Has_Diabetes,Smoke_Freq,10.9,4.036087214122113,21.3,1.4866068747318506,10.4,0.0,0.0
Other Hispanic,Has_Diabetes,Vig_Activity,16.8,7.6131465242697125,7.4,1.1135528725660042,9.4,0.2,0.0
Other Hispanic,Has_Diabetes,Gender,8.7,4.124318125460256,16.7,3.195309061734091,8.0,0.0,0.0
Other Hispanic,Has_Diabetes,Fat,8.5,5.5901699437494745,16.0,2.7202941017470885,7.5,0.3,0.0
Other Hispanic,Has_Diabetes,Alc_Freq,11.1,2.3853720883753127,18.5,1.8027756377319946,7.4,0.0,0.0
Other Hispanic,Has_Diabetes,Sys_BP,8.3,3.606937759374287,3.0,0.0,5.300000000000001,0.0,1.0
Other Hispanic,Has_Diabetes,Sat_Fat,10.1,4.060788100849391,13.4,2.3323807579381204,3.3000000000000007,0.0,0.0
Other Hispanic,Has_Diabetes,Calories,11.6,5.180733538795447,14.5,2.8722813232690143,2.9000000000000004,0.1,0.0
Other Hispanic,Has_Diabetes,Sugar,16.1,4.1340053217188775,13.3,1.3453624047073711,2.8000000000000007,0.0,0.0
Other Hispanic,Has_Diabetes,Carbs,10.8,4.686149805543993,13.4,2.1071307505705477,2.5999999999999996,0.1,0.0
Other Hispanic,Has_Diabetes,Cholesterol,10.9,2.981610303175115,8.3,0.9,2.5999999999999996,0.0,0.0
Other Hispanic,Has_Diabetes,Ever_Smoked,8.0,3.1937438845342623,5.4,1.1135528725660042,2.5999999999999996,0.2,0.0
Other Hispanic,Has_Diabetes,Sodium,18.5,2.5787593916455256,16.1,2.3853720883753127,2.3999999999999986,0.0,0.0
Other Hispanic,Has_Diabetes,Protein,17.7,4.980963762164908,16.5,2.5,1.1999999999999993,0.0,0.0
Other Hispanic,Has_Diabetes,HDL,11.0,5.079370039680118,9.9,0.3,1.0999999999999996,0.0,0.0
Other Hispanic,Has_Diabetes,BMI,3.7,0.7810249675906654,4.5,0.806225774829855,0.7999999999999998,0.5,0.0
Other Hispanic,Has_Diabetes,Fiber,17.8,2.6758176320519302,17.1,2.071231517720798,0.6999999999999993,0.0,0.0
Other Hispanic,Has_Diabetes,Dia_BP,7.8,3.4,8.2,0.6,0.39999999999999947,0.0,0.0
Other Hispanic,Has_Diabetes,HbA1c,1.0,0.0,1.0,0.0,0.0,1.0,1.0
Other Hispanic,Has_Diabetes,Race,23.0,0.0,23.0,0.0,0.0,0.0,0.0
Other Hispanic,Has_Hypertension,Income_Ratio,19.3,2.193171219946131,4.8,0.39999999999999997,14.5,0.0,0.0
Other Hispanic,Has_Hypertension,Alc_Amt,8.3,5.9,21.3,0.45825756949558394,13.0,0.3,0.0
Other Hispanic,Has_Hypertension,Calories,4.1,1.8681541692269403,16.0,2.0,11.9,0.4,0.0
Other Hispanic,Has_Hypertension,Dia_BP,15.3,3.606937759374287,6.4,0.66332495807108,8.9,0.0,0.0
Other Hispanic,Has_Hypertension,Cholesterol,17.3,2.72213151776324,8.9,0.3,8.4,0.0,0.0
Other Hispanic,Has_Hypertension,Mod_Activity,9.8,1.4,1.7,0.9,8.100000000000001,0.0,1.0
Other Hispanic,Has_Hypertension,Protein,7.9,2.8442925306655784,15.2,2.1354156504062622,7.299999999999999,0.0,0.0
Other Hispanic,Has_Hypertension,Vig_Activity,13.9,3.8587562763149474,7.4,0.4898979485566356,6.5,0.0,0.0
Other Hispanic,Has_Hypertension,HDL,16.8,3.7629775444453557,10.6,0.66332495807108,6.200000000000001,0.0,0.0
Other Hispanic,Has_Hypertension,Gender,14.0,2.32379000772445,20.0,0.0,6.0,0.0,0.0
Other Hispanic,Has_Hypertension,Carbs,8.5,3.138470965295043,13.8,2.2271057451320084,5.300000000000001,0.0,0.0
Other Hispanic,Has_Hypertension,Fiber,18.3,3.8483762809787714,15.0,2.449489742783178,3.3000000000000007,0.0,0.0
Other Hispanic,Has_Hypertension,Smoke_Freq,18.6,3.411744421846396,21.7,0.45825756949558394,3.099999999999998,0.0,0.0
Other Hispanic,Has_Hypertension,Ever_Smoked,4.6,1.42828568570857,7.3,1.004987562112089,2.7,0.1,0.0
Other Hispanic,Has_Hypertension,Sat_Fat,12.7,4.220189569201838,14.9,2.7,2.200000000000001,0.0,0.0
Other Hispanic,Has_Hypertension,HbA1c,4.0,1.3416407864998738,2.3,0.6403124237432849,1.7000000000000002,0.3,1.0
Other Hispanic,Has_Hypertension,Fat,15.5,4.006245124802026,17.0,1.6733200530681511,1.5,0.0,0.0
Other Hispanic,Has_Hypertension,BMI,2.8,0.6,4.2,0.39999999999999997,1.4000000000000004,0.9,0.0
Other Hispanic,Has_Hypertension,Alc_Freq,9.7,1.9519221295943134,10.6,0.4898979485566356,0.9000000000000004,0.0,0.0
Other Hispanic,Has_Hypertension,Sodium,14.7,3.661966684720111,15.6,1.8547236990991407,0.9000000000000004,0.0,0.0
Other Hispanic,Has_Hypertension,Sys_BP,1.2,0.4,2.0,0.7745966692414834,0.8,1.0,1.0
Other Hispanic,Has_Hypertension,Sugar,15.7,4.001249804748512,16.3,2.0024984394500787,0.6000000000000014,0.0,0.0
Other Hispanic,Has_Hypertension,Race,23.0,0.0,23.0,0.0,0.0,0.0,0.0
Other/Multi-racial,Has_Diabetes,BMI,18.6,3.32264954516723,3.4,0.66332495807108,15.200000000000001,0.0,0.5
Other/Multi-racial,Has_Diabetes,Income_Ratio,18.4,2.1540659228538015,3.4,0.66332495807108,14.999999999999998,0.0,0.5
Other/Multi-racial,Has_Diabetes,Gender,4.8,1.5999999999999999,18.3,1.9000000000000001,13.5,0.3,0.0
Other/Multi-racial,Has_Diabetes,Fat,6.3,4.62709412050371,17.6,1.42828568570857,11.3,0.3,0.0
Other/Multi-racial,Has_Diabetes,Vig_Activity,16.2,7.19444229944198,5.7,0.7810249675906654,10.5,0.2,0.0
Other/Multi-racial,Has_Diabetes,Smoke_Freq,11.8,3.1559467676119,20.5,1.5,8.7,0.0,0.0
Other/Multi-racial,Has_Diabetes,Protein,11.1,5.6471231613982,18.0,2.04939015319192,6.9,0.1,0.0
Other/Multi-racial,Has_Diabetes,Sys_BP,11.9,4.548626166217664,6.0,0.7745966692414834,5.9,0.0,0.0
Other/Multi-racial,Has_Diabetes,Sat_Fat,11.1,5.430469592954186,16.6,2.33238075793812,5.500000000000002,0.1,0.0
Other/Multi-racial,Has_Diabetes,Sugar,15.8,4.621688003316537,10.5,1.2041594578792296,5.300000000000001,0.0,0.0
Other/Multi-racial,Has_Diabetes,Dia_BP,16.3,3.8483762809787714,11.1,1.374772708486752,5.200000000000001,0.0,0.0
Other/Multi-racial,Has_Diabetes,Alc_Amt,17.3,3.287856444554719,22.0,0.0,4.699999999999999,0.0,0.0
Other/Multi-racial,Has_Diabetes,Ever_Smoked,6.1,5.974110812497539,10.6,3.0724582991474434,4.5,0.5,0.0
Other/Multi-racial,Has_Diabetes,Calories,12.4,6.019966777316965,15.6,2.90516780926679,3.1999999999999993,0.0,0.0
Other/Multi-racial,Has_Diabetes,Fiber,14.1,3.645545226711637,17.0,1.6733200530681511,2.9000000000000004,0.0,0.0
Other/Multi-racial,Has_Diabetes,Sodium,10.6,3.8522720568516444,13.4,2.2891046284519194,2.8000000000000007,0.0,0.0
Other/Multi-racial,Has_Diabetes,Mod_Activity,4.9,3.3000000000000003,2.2,0.39999999999999997,2.7,0.5,1.0
Other/Multi-racial,Has_Diabetes,Alc_Freq,13.7,3.689173349139344,11.4,2.764054992217051,2.299999999999999,0.0,0.0
Other/Multi-racial,Has_Diabetes,HDL,8.8,1.9899748742132397,6.7,0.9,2.1000000000000005,0.0,0.0
Other/Multi-racial,Has_Diabetes,Carbs,12.0,6.308724118235001,13.0,2.756809750418044,1.0,0.0,0.0
Other/Multi-racial,Has_Diabetes,Cholesterol,9.8,3.515679166249389,9.0,1.1832159566199232,0.8000000000000007,0.0,0.0
Other/Multi-racial,Has_Diabetes,HbA1c,1.0,0.0,1.0,0.0,0.0,1.0,1.0
Other/Multi-racial,Has_Diabetes,Race,23.0,0.0,23.0,0.0,0.0,0.0,0.0
Other/Multi-racial,Has_Hypertension,Income_Ratio,18.1,2.7730849247724096,3.8,1.2489995996796797,14.3,0.0,0.5
Other/Multi-racial,Has_Hypertension,Mod_Activity,15.1,2.3430749027719964,1.0,0.0,14.1,0.0,1.0
Other/Multi-racial,Has_Hypertension,Vig_Activity,19.2,1.7776388834631176,5.4,1.019803902718557,13.799999999999999,0.0,0.0
Other/Multi-racial,Has_Hypertension,Dia_BP,20.6,1.42828568570857,6.9,0.3,13.700000000000001,0.0,0.0
Other/Multi-racial,Has_Hypertension,Calories,6.2,2.7129319932501073,18.2,2.181742422927143,12.0,0.2,0.0
Other/Multi-racial,Has_Hypertension,Fat,5.1,2.022374841615669,15.9,2.8442925306655784,10.8,0.2,0.0
Other/Multi-racial,Has_Hypertension,Alc_Amt,11.0,2.6457513110645907,21.7,0.6403124237432849,10.7,0.0,0.0
Other/Multi-racial,Has_Hypertension,Carbs,4.8,1.7776388834631178,15.3,2.9,10.5,0.2,0.0
Other/Multi-racial,Has_Hypertension,HDL,18.5,2.0615528128088303,9.2,1.0770329614269007,9.3,0.0,0.0
Other/Multi-racial,Has_Hypertension,Cholesterol,16.6,2.5377155080899043,9.9,1.1357816691600546,6.700000000000001,0.0,0.0
Other/Multi-racial,Has_Hypertension,Fiber,9.8,2.6,15.9,2.211334438749598,6.1,0.0,0.0
Other/Multi-racial,Has_Hypertension,Sat_Fat,10.1,3.8587562763149474,16.2,2.5612496949731396,6.1,0.0,0.0
Other/Multi-racial,Has_Hypertension,Protein,10.8,1.5362291495737217,16.2,1.8867962264113207,5.399999999999999,0.0,0.0
Other/Multi-racial,Has_Hypertension,Sugar,18.3,2.8301943396169813,13.1,1.445683229480096,5.200000000000001,0.0,0.0
Other/Multi-racial,Has_Hypertension,Gender,15.4,2.4166091947189146,20.1,0.7,4.700000000000001,0.0,0.0
Other/Multi-racial,Has_Hypertension,Smoke_Freq,14.9,4.346262762420146,19.3,2.147091055358389,4.4,0.0,0.0
Other/Multi-racial,Has_Hypertension,Ever_Smoked,6.6,2.3748684174075834,9.5,1.6278820596099706,2.9000000000000004,0.0,0.0
Other/Multi-racial,Has_Hypertension,Sys_BP,1.4,0.66332495807108,4.0,1.4142135623730951,2.6,1.0,0.4
Other/Multi-racial,Has_Hypertension,BMI,2.2,0.6,3.8,1.32664991614216,1.5999999999999996,1.0,0.4
Other/Multi-racial,Has_Hypertension,HbA1c,4.1,1.445683229480096,3.1,1.1357816691600549,0.9999999999999996,0.4,0.7
Other/Multi-racial,Has_Hypertension,Sodium,14.2,4.6,14.9,1.8681541692269403,0.7000000000000011,0.0,0.0
Other/Multi-racial,Has_Hypertension,Alc_Freq,10.0,2.32379000772445,9.6,0.8,0.40000000000000036,0.0,0.0
Other/Multi-racial,Has_Hypertension,Race,23.0,0.0,23.0,0.0,0.0,0.0,0.0
